===== Config file =====
[display_status]

[virtual_sdcard]
path = /home/pi/printer_ANET1_data/gcodes
on_error_gcode = CANCEL_PRINT

[pause_resume]

[respond]

[gcode_macro CANCEL_PRINT]
description = Cancel the actual running print
rename_existing = CANCEL_PRINT_BASE
gcode = 
	
	
	{% if printer.pause_resume.is_paused|lower == 'false' and park|lower == 'true'%}
	_TOOLHEAD_PARK_PAUSE_CANCEL
	{% endif %}
	
	
	
	TURN_OFF_HEATERS
	CANCEL_PRINT_BASE
variable_park = True

[gcode_macro PAUSE]
description = Pause the actual running print
rename_existing = PAUSE_BASE
gcode = 
	PAUSE_BASE
	_TOOLHEAD_PARK_PAUSE_CANCEL

[gcode_macro RESUME]
description = Resume the actual running print
rename_existing = RESUME_BASE
variable_last_extruder_temp = {'restore': False, 'temp': 0}
variable_restore_idle_timeout = 0
variable_idle_state = False
gcode = 
	
	
	{% set extrude = printer['gcode_macro _TOOLHEAD_PARK_PAUSE_CANCEL'].extrude %}
	
	{% if 'VELOCITY' in params|upper %}
	{% set get_params = ('VELOCITY=' + params.VELOCITY)  %}
	{%else %}
	{% set get_params = "" %}
	{% endif %}
	
	{% if printer.extruder.can_extrude|lower == 'true' %}
	M83
	G1 E{extrude} F2100
	{% if printer.gcode_move.absolute_extrude |lower == 'true' %} M82 {% endif %}
	{% else %}
	{action_respond_info("Extruder not hot enough")}
	{% endif %}
	RESUME_BASE {get_params}

[gcode_macro SET_PAUSE_NEXT_LAYER]
description = Enable a pause if the next layer is reached
gcode = 
	{% set pause_next_layer = printer['gcode_macro SET_PRINT_STATS_INFO'].pause_next_layer %}
	{% set ENABLE = params.ENABLE|default(1)|int != 0 %}
	{% set MACRO = params.MACRO|default(pause_next_layer.call, True) %}
	SET_GCODE_VARIABLE MACRO=SET_PRINT_STATS_INFO VARIABLE=pause_next_layer VALUE="{{ 'enable': ENABLE, 'call': MACRO }}"

[gcode_macro SET_PAUSE_AT_LAYER]
description = Enable/disable a pause if a given layer number is reached
gcode = 
	{% set pause_at_layer = printer['gcode_macro SET_PRINT_STATS_INFO'].pause_at_layer %}
	{% set ENABLE = params.ENABLE|int != 0 if params.ENABLE is defined
	else params.LAYER is defined %}
	{% set LAYER = params.LAYER|default(pause_at_layer.layer)|int %}
	{% set MACRO = params.MACRO|default(pause_at_layer.call, True) %}
	SET_GCODE_VARIABLE MACRO=SET_PRINT_STATS_INFO VARIABLE=pause_at_layer VALUE="{{ 'enable': ENABLE, 'layer': LAYER, 'call': MACRO }}"

[gcode_macro SET_PRINT_STATS_INFO]
rename_existing = SET_PRINT_STATS_INFO_BASE
description = Overwrite, to get pause_next_layer and pause_at_layer feature
variable_pause_next_layer = { 'enable': False, 'call': "PAUSE" }
variable_pause_at_layer = { 'enable': False, 'layer': 0, 'call': "PAUSE" }
gcode = 
	{% if pause_next_layer.enable %}
	RESPOND TYPE=echo MSG='{"%s, forced by pause_next_layer" % pause_next_layer.call}'
	{pause_next_layer.call}
	SET_PAUSE_NEXT_LAYER ENABLE=0
	{% elif pause_at_layer.enable and params.CURRENT_LAYER is defined and params.CURRENT_LAYER|int == pause_at_layer.layer %}
	RESPOND TYPE=echo MSG='{"%s, forced by pause_at_layer [%d]" % (pause_at_layer.call, pause_at_layer.layer)}'
	{pause_at_layer.call}
	SET_PAUSE_AT_LAYER ENABLE=0
	{% endif %}
	SET_PRINT_STATS_INFO_BASE {rawparams}

[gcode_macro _TOOLHEAD_PARK_PAUSE_CANCEL]
description = Helper: park toolhead used in PAUSE and CANCEL_PRINT
gcode = 
	
	{% set client = printer['gcode_macro _CLIENT_VARIABLE']|default({}) %}
	{% set velocity = printer.configfile.settings.pause_resume.recover_velocity %}
	{% set use_custom     = client.use_custom_pos|default(false)|lower == 'true' %}
	{% set custom_park_x  = client.custom_park_x|default(0.0) %}
	{% set custom_park_y  = client.custom_park_y|default(0.0) %}
	{% set park_dz        = client.custom_park_dz|default(2.0)|abs %}
	{% set sp_hop         = client.speed_hop|default(15) * 60 %}
	{% set sp_move        = client.speed_move|default(velocity) * 60 %}
	
	{% set origin    = printer.gcode_move.homing_origin %}
	{% set act       = printer.gcode_move.gcode_position %}
	{% set max       = printer.toolhead.axis_maximum %}
	{% set cone      = printer.toolhead.cone_start_z|default(max.z) %}
	{% set round_bed = True if printer.configfile.settings.printer.kinematics is in ['delta','polar','rotary_delta','winch']
	else False %}
	
	{% set z_min = params.Z_MIN|default(0)|float %}
	{% set z_park = [[(act.z + park_dz), z_min]|max, (max.z - origin.z)]|min %}
	{% set x_park = params.X       if params.X is defined
	else custom_park_x  if use_custom
	else 0.0            if round_bed
	else (max.x - 5.0) %}
	{% set y_park = params.Y       if params.Y is defined
	else custom_park_y  if use_custom
	else (max.y - 5.0)  if round_bed and z_park < cone
	else 0.0            if round_bed
	else (max.y - 5.0) %}
	
	_CLIENT_RETRACT
	{% if "xyz" in printer.toolhead.homed_axes %}
	G90
	G1 Z{z_park} F{sp_hop}
	G1 X{x_park} Y{y_park} F{sp_move}
	{% if not printer.gcode_move.absolute_coordinates %} G91 {% endif %}
	{% else %}
	RESPOND TYPE=echo MSG='Printer not homed'
	{% endif %}

[gcode_macro _CLIENT_EXTRUDE]
description = Extrudes, if the extruder is hot enough
gcode = 
	
	{% set client = printer['gcode_macro _CLIENT_VARIABLE']|default({}) %}
	{% set use_fw_retract = (client.use_fw_retract|default(false)|lower == 'true') and (printer.firmware_retraction is defined) %}
	{% set length = params.LENGTH|default(client.unretract)|default(1.0)|float %}
	{% set speed = params.SPEED|default(client.speed_unretract)|default(35) %}
	{% set absolute_extrude = printer.gcode_move.absolute_extrude %}
	
	{% if printer.toolhead.extruder != '' %}
	{% if printer[printer.toolhead.extruder].can_extrude %}
	{% if use_fw_retract %}
	{% if length < 0 %}
	G10
	{% else %}
	G11
	{% endif %}
	{% else %}
	M83
	G1 E{length} F{(speed|float|abs) * 60}
	{% if absolute_extrude %}
	M82
	{% endif %}
	{% endif %}
	{% else %}
	RESPOND TYPE=echo MSG='{"\"%s\" not hot enough" % printer.toolhead.extruder}'
	{% endif %}
	{% endif %}

[gcode_macro _CLIENT_RETRACT]
description = Retracts, if the extruder is hot enough
gcode = 
	{% set client = printer['gcode_macro _CLIENT_VARIABLE']|default({}) %}
	{% set length = params.LENGTH|default(client.retract)|default(1.0)|float %}
	{% set speed = params.SPEED|default(client.speed_retract)|default(35) %}
	
	_CLIENT_EXTRUDE LENGTH=-{length|float|abs} SPEED={speed|float|abs}

[gcode_macro _CLIENT_LINEAR_MOVE]
description = Linear move with save and restore of the gcode state
gcode = 
	{% set x_move = "X" ~ params.X if params.X is defined else "" %}
	{% set y_move = "Y" ~ params.Y if params.Y is defined else "" %}
	{% set z_move = "Z" ~ params.Z if params.Z is defined else "" %}
	{% set e_move = "E" ~ params.E if params.E is defined else "" %}
	{% set rate = "F" ~ params.F if params.F is defined else "" %}
	{% set ABSOLUTE = params.ABSOLUTE | default(0) | int != 0 %}
	{% set ABSOLUTE_E = params.ABSOLUTE_E | default(0) | int != 0 %}
	SAVE_GCODE_STATE NAME=_client_movement
	{% if x_move or y_move or z_move %}
	G9{ 0 if ABSOLUTE else 1 }
	{% endif %}
	{% if e_move %}
	M8{ 2 if ABSOLUTE_E else 3 }
	{% endif %}
	G1 { x_move } { y_move } { z_move } { e_move } { rate }
	RESTORE_GCODE_STATE NAME=_client_movement

[mcu]
serial = /dev/serial/by-path/platform-xhci-hcd.1-usb-0:2.4.3:1.0-port0

[exclude_object]

[stepper_x]
step_pin = PD7
dir_pin = PC5
enable_pin = !PD6
microsteps = 16
rotation_distance = 32
endstop_pin = ^!PC2
position_endstop = -30
position_max = 220
position_min = -30
homing_speed = 50

[stepper_y]
step_pin = PC6
dir_pin = PC7
enable_pin = !PD6
microsteps = 16
rotation_distance = 32
endstop_pin = ^!PC3
position_endstop = -8
position_min = -8
position_max = 220
homing_speed = 50

[stepper_z]
step_pin = PB3
dir_pin = !PB2
enable_pin = !PA5
microsteps = 16
rotation_distance = 8
endstop_pin = ^!PC4
position_endstop = 0.5
position_max = 240
homing_speed = 20

[extruder]
step_pin = PB1
dir_pin = PB0
enable_pin = !PD6
microsteps = 16
rotation_distance = 33.600
nozzle_diameter = 0.400
filament_diameter = 1.750
heater_pin = PD5
sensor_type = ATC Semitec 104GT-2
sensor_pin = PA7
control = pid
pid_kp = 2.151492
pid_ki = 0.633897
pid_kd = 230.042965
min_temp = 0
max_temp = 250

[heater_bed]
heater_pin = PD4
sensor_type = ATC Semitec 104GT-2
sensor_pin = PA6
control = watermark
min_temp = 0
max_temp = 130

[fan]
pin = PB4

[printer]
kinematics = cartesian
max_velocity = 300
max_accel = 1000
max_z_velocity = 20
max_z_accel = 100

[display]
lcd_type = hd44780
rs_pin = PA3
e_pin = PA2
d4_pin = PD2
d5_pin = PD3
d6_pin = PC0
d7_pin = PC1
up_pin = PA1
analog_range_up_pin = 9000, 13000
down_pin = PA1
analog_range_down_pin = 800, 1300
click_pin = PA1
analog_range_click_pin = 2000, 2500
back_pin = PA1
analog_range_back_pin = 4500, 5000
=======================
Args: ['/home/pi/klipper/klippy/klippy.py', '/home/pi/printer_ANET1_data/config/printer.cfg', '-I', '/home/pi/printer_ANET1_data/comms/klippy.serial', '-l', '/home/pi/printer_ANET1_data/logs/klippy.log', '-a', '/home/pi/printer_ANET1_data/comms/klippy.sock']
Git version: 'v0.13.0-557-g54c7b65d'
Branch: master
Remote: origin
Tracked URL: https://github.com/Klipper3d/klipper
CPU: 4 core ?
Device: Raspberry Pi 5 Model B Rev 1.0
Linux: Linux version 6.12.62+rpt-rpi-v8 (serge@raspberrypi.com) (aarch64-linux-gnu-gcc-14 (Debian 14.2.0-19) 14.2.0, GNU ld (GNU Binutils for Debian) 2.44) #1 SMP PREEMPT Debian 1:6.12.62-1+rpt1 (2025-12-18)
Python: '3.13.5 (main, Jun 25 2025, 18:55:22) [GCC 14.2.0]'
=============== Log rollover at Fri Feb 27 14:32:21 2026 ===============
webhooks client 4128204456: Disconnected
Restarting printer
Start printer at Fri Feb 27 14:32:22 2026 (1772199142.8 524015.6)
===== Config file =====
[display_status]

[virtual_sdcard]
path = /home/pi/printer_ANET1_data/gcodes
on_error_gcode = CANCEL_PRINT

[pause_resume]

[respond]

[gcode_macro CANCEL_PRINT]
description = Cancel the actual running print
rename_existing = CANCEL_PRINT_BASE
gcode = 
	
	
	{% if printer.pause_resume.is_paused|lower == 'false' and park|lower == 'true'%}
	_TOOLHEAD_PARK_PAUSE_CANCEL
	{% endif %}
	
	
	
	TURN_OFF_HEATERS
	CANCEL_PRINT_BASE
variable_park = True

[gcode_macro PAUSE]
description = Pause the actual running print
rename_existing = PAUSE_BASE
gcode = 
	PAUSE_BASE
	_TOOLHEAD_PARK_PAUSE_CANCEL

[gcode_macro RESUME]
description = Resume the actual running print
rename_existing = RESUME_BASE
variable_last_extruder_temp = {'restore': False, 'temp': 0}
variable_restore_idle_timeout = 0
variable_idle_state = False
gcode = 
	
	
	{% set extrude = printer['gcode_macro _TOOLHEAD_PARK_PAUSE_CANCEL'].extrude %}
	
	{% if 'VELOCITY' in params|upper %}
	{% set get_params = ('VELOCITY=' + params.VELOCITY)  %}
	{%else %}
	{% set get_params = "" %}
	{% endif %}
	
	{% if printer.extruder.can_extrude|lower == 'true' %}
	M83
	G1 E{extrude} F2100
	{% if printer.gcode_move.absolute_extrude |lower == 'true' %} M82 {% endif %}
	{% else %}
	{action_respond_info("Extruder not hot enough")}
	{% endif %}
	RESUME_BASE {get_params}

[gcode_macro SET_PAUSE_NEXT_LAYER]
description = Enable a pause if the next layer is reached
gcode = 
	{% set pause_next_layer = printer['gcode_macro SET_PRINT_STATS_INFO'].pause_next_layer %}
	{% set ENABLE = params.ENABLE|default(1)|int != 0 %}
	{% set MACRO = params.MACRO|default(pause_next_layer.call, True) %}
	SET_GCODE_VARIABLE MACRO=SET_PRINT_STATS_INFO VARIABLE=pause_next_layer VALUE="{{ 'enable': ENABLE, 'call': MACRO }}"

[gcode_macro SET_PAUSE_AT_LAYER]
description = Enable/disable a pause if a given layer number is reached
gcode = 
	{% set pause_at_layer = printer['gcode_macro SET_PRINT_STATS_INFO'].pause_at_layer %}
	{% set ENABLE = params.ENABLE|int != 0 if params.ENABLE is defined
	else params.LAYER is defined %}
	{% set LAYER = params.LAYER|default(pause_at_layer.layer)|int %}
	{% set MACRO = params.MACRO|default(pause_at_layer.call, True) %}
	SET_GCODE_VARIABLE MACRO=SET_PRINT_STATS_INFO VARIABLE=pause_at_layer VALUE="{{ 'enable': ENABLE, 'layer': LAYER, 'call': MACRO }}"

[gcode_macro SET_PRINT_STATS_INFO]
rename_existing = SET_PRINT_STATS_INFO_BASE
description = Overwrite, to get pause_next_layer and pause_at_layer feature
variable_pause_next_layer = { 'enable': False, 'call': "PAUSE" }
variable_pause_at_layer = { 'enable': False, 'layer': 0, 'call': "PAUSE" }
gcode = 
	{% if pause_next_layer.enable %}
	RESPOND TYPE=echo MSG='{"%s, forced by pause_next_layer" % pause_next_layer.call}'
	{pause_next_layer.call}
	SET_PAUSE_NEXT_LAYER ENABLE=0
	{% elif pause_at_layer.enable and params.CURRENT_LAYER is defined and params.CURRENT_LAYER|int == pause_at_layer.layer %}
	RESPOND TYPE=echo MSG='{"%s, forced by pause_at_layer [%d]" % (pause_at_layer.call, pause_at_layer.layer)}'
	{pause_at_layer.call}
	SET_PAUSE_AT_LAYER ENABLE=0
	{% endif %}
	SET_PRINT_STATS_INFO_BASE {rawparams}

[gcode_macro _TOOLHEAD_PARK_PAUSE_CANCEL]
description = Helper: park toolhead used in PAUSE and CANCEL_PRINT
gcode = 
	
	{% set client = printer['gcode_macro _CLIENT_VARIABLE']|default({}) %}
	{% set velocity = printer.configfile.settings.pause_resume.recover_velocity %}
	{% set use_custom     = client.use_custom_pos|default(false)|lower == 'true' %}
	{% set custom_park_x  = client.custom_park_x|default(0.0) %}
	{% set custom_park_y  = client.custom_park_y|default(0.0) %}
	{% set park_dz        = client.custom_park_dz|default(2.0)|abs %}
	{% set sp_hop         = client.speed_hop|default(15) * 60 %}
	{% set sp_move        = client.speed_move|default(velocity) * 60 %}
	
	{% set origin    = printer.gcode_move.homing_origin %}
	{% set act       = printer.gcode_move.gcode_position %}
	{% set max       = printer.toolhead.axis_maximum %}
	{% set cone      = printer.toolhead.cone_start_z|default(max.z) %}
	{% set round_bed = True if printer.configfile.settings.printer.kinematics is in ['delta','polar','rotary_delta','winch']
	else False %}
	
	{% set z_min = params.Z_MIN|default(0)|float %}
	{% set z_park = [[(act.z + park_dz), z_min]|max, (max.z - origin.z)]|min %}
	{% set x_park = params.X       if params.X is defined
	else custom_park_x  if use_custom
	else 0.0            if round_bed
	else (max.x - 5.0) %}
	{% set y_park = params.Y       if params.Y is defined
	else custom_park_y  if use_custom
	else (max.y - 5.0)  if round_bed and z_park < cone
	else 0.0            if round_bed
	else (max.y - 5.0) %}
	
	_CLIENT_RETRACT
	{% if "xyz" in printer.toolhead.homed_axes %}
	G90
	G1 Z{z_park} F{sp_hop}
	G1 X{x_park} Y{y_park} F{sp_move}
	{% if not printer.gcode_move.absolute_coordinates %} G91 {% endif %}
	{% else %}
	RESPOND TYPE=echo MSG='Printer not homed'
	{% endif %}

[gcode_macro _CLIENT_EXTRUDE]
description = Extrudes, if the extruder is hot enough
gcode = 
	
	{% set client = printer['gcode_macro _CLIENT_VARIABLE']|default({}) %}
	{% set use_fw_retract = (client.use_fw_retract|default(false)|lower == 'true') and (printer.firmware_retraction is defined) %}
	{% set length = params.LENGTH|default(client.unretract)|default(1.0)|float %}
	{% set speed = params.SPEED|default(client.speed_unretract)|default(35) %}
	{% set absolute_extrude = printer.gcode_move.absolute_extrude %}
	
	{% if printer.toolhead.extruder != '' %}
	{% if printer[printer.toolhead.extruder].can_extrude %}
	{% if use_fw_retract %}
	{% if length < 0 %}
	G10
	{% else %}
	G11
	{% endif %}
	{% else %}
	M83
	G1 E{length} F{(speed|float|abs) * 60}
	{% if absolute_extrude %}
	M82
	{% endif %}
	{% endif %}
	{% else %}
	RESPOND TYPE=echo MSG='{"\"%s\" not hot enough" % printer.toolhead.extruder}'
	{% endif %}
	{% endif %}

[gcode_macro _CLIENT_RETRACT]
description = Retracts, if the extruder is hot enough
gcode = 
	{% set client = printer['gcode_macro _CLIENT_VARIABLE']|default({}) %}
	{% set length = params.LENGTH|default(client.retract)|default(1.0)|float %}
	{% set speed = params.SPEED|default(client.speed_retract)|default(35) %}
	
	_CLIENT_EXTRUDE LENGTH=-{length|float|abs} SPEED={speed|float|abs}

[gcode_macro _CLIENT_LINEAR_MOVE]
description = Linear move with save and restore of the gcode state
gcode = 
	{% set x_move = "X" ~ params.X if params.X is defined else "" %}
	{% set y_move = "Y" ~ params.Y if params.Y is defined else "" %}
	{% set z_move = "Z" ~ params.Z if params.Z is defined else "" %}
	{% set e_move = "E" ~ params.E if params.E is defined else "" %}
	{% set rate = "F" ~ params.F if params.F is defined else "" %}
	{% set ABSOLUTE = params.ABSOLUTE | default(0) | int != 0 %}
	{% set ABSOLUTE_E = params.ABSOLUTE_E | default(0) | int != 0 %}
	SAVE_GCODE_STATE NAME=_client_movement
	{% if x_move or y_move or z_move %}
	G9{ 0 if ABSOLUTE else 1 }
	{% endif %}
	{% if e_move %}
	M8{ 2 if ABSOLUTE_E else 3 }
	{% endif %}
	G1 { x_move } { y_move } { z_move } { e_move } { rate }
	RESTORE_GCODE_STATE NAME=_client_movement

[mcu]
serial = /dev/serial/by-path/platform-xhci-hcd.1-usb-0:2.4.3:1.0-port0

[exclude_object]

[stepper_x]
step_pin = PD7
dir_pin = PC5
enable_pin = !PD6
microsteps = 16
rotation_distance = 32
endstop_pin = ^!PC2
position_endstop = -30
position_max = 220
position_min = -30
homing_speed = 50

[stepper_y]
step_pin = PC6
dir_pin = PC7
enable_pin = !PD6
microsteps = 16
rotation_distance = 32
endstop_pin = ^!PC3
position_endstop = -8
position_min = -8
position_max = 220
homing_speed = 50

[stepper_z]
step_pin = PB3
dir_pin = !PB2
enable_pin = !PA5
microsteps = 16
rotation_distance = 8
endstop_pin = ^!PC4
position_endstop = 0.5
position_max = 240
homing_speed = 20

[extruder]
step_pin = PB1
dir_pin = PB0
enable_pin = !PD6
microsteps = 16
rotation_distance = 33.600
nozzle_diameter = 0.400
filament_diameter = 1.750
heater_pin = PD5
sensor_type = ATC Semitec 104GT-2
sensor_pin = PA7
control = pid
pid_kp = 2.151492
pid_ki = 0.633897
pid_kd = 230.042965
min_temp = 0
max_temp = 250

[heater_bed]
heater_pin = PD4
sensor_type = ATC Semitec 104GT-2
sensor_pin = PA6
control = watermark
min_temp = 0
max_temp = 130

[fan]
pin = PB4

[printer]
kinematics = cartesian
max_velocity = 300
max_accel = 1000
max_z_velocity = 20
max_z_accel = 100

[display]
lcd_type = hd44780
rs_pin = PA3
e_pin = PA2
d4_pin = PD2
d5_pin = PD3
d6_pin = PC0
d7_pin = PC1
up_pin = PA1
analog_range_up_pin = 9000, 13000
down_pin = PA1
analog_range_down_pin = 800, 1300
click_pin = PA1
analog_range_click_pin = 2000, 2500
back_pin = PA1
analog_range_back_pin = 4500, 5000
=======================
Extruder max_extrude_ratio=0.266081
mcu 'mcu': Starting serial connect
webhooks client 4084624352: New connection
webhooks client 4084624352: Client info {'program': 'Moonraker', 'version': 'v0.10.0-8-g293a4cf'}
Loaded MCU 'mcu' 121 commands (v0.13.0-119-g17b8ce4c6 / gcc: (GCC) 5.4.0 binutils: (GNU Binutils) 2.26.20160125)
MCU 'mcu' config: ADC_MAX=1023 BUS_PINS_spi=PB6,PB5,PB7 BUS_PINS_twi=PC0,PC1 CLOCK_FREQ=16000000 MCU=atmega1284p PWM_MAX=255 RECEIVE_WINDOW=192 RESERVE_PINS_serial=PD0,PD1 SERIAL_BAUD=250000 STATS_SUMSQ_BASE=256 STEPPER_OPTIMIZED_UNSTEP=40 STEPPER_STEP_BOTH_EDGE=1
Sending MCU 'mcu' printer configuration...
Protocol error
Traceback (most recent call last):
  File "/home/pi/klipper/klippy/msgproto.py", line 335, in create_command
    t = mp.name_to_type[name]
        ~~~~~~~~~~~~~~~^^^^^^
KeyError: 'bytes_per_report'

During handling of the above exception, another exception occurred:

Traceback (most recent call last):
  File "/home/pi/klipper/klippy/klippy.py", line 135, in _connect
    cb()
    ~~^^
  File "/home/pi/klipper/klippy/mcu.py", line 1037, in _connect
    self._send_config(None)
    ~~~~~~~~~~~~~~~~~^^^^^^
  File "/home/pi/klipper/klippy/mcu.py", line 1008, in _send_config
    self._serial.send(c)
    ~~~~~~~~~~~~~~~~~^^^
  File "/home/pi/klipper/klippy/serialhdl.py", line 266, in send
    cmd = self.msgparser.create_command(msg)
  File "/home/pi/klipper/klippy/msgproto.py", line 347, in create_command
    self._error("Unable to extract params from: %s", msgname)
    ~~~~~~~~~~~^^^^^^^^^^^^^^^^^^^^^^^^^^^^^^^^^^^^^^^^^^^^^^
  File "/home/pi/klipper/klippy/msgproto.py", line 242, in _error
    raise error(self.warn_prefix + (msg % params))
msgproto.error: mcu 'mcu': Unable to extract params from: query_analog_in
MCU Protocol error

This is frequently caused by running an older version of the
firmware on the MCU(s). Fix by recompiling and flashing the
firmware.

Your Klipper version is: v0.13.0-557-g54c7b65d
MCU(s) which should be updated:
mcu: Current version v0.13.0-119-g17b8ce4c6
Up-to-date MCU(s):
<none>

Once the underlying issue is corrected, use the "RESTART"
command to reload the config and restart the host software.

mcu 'mcu': Unable to extract params from: query_analog_in
Build file /home/pi/klipper/klippy/../.config(2155): Sat Feb 21 16:07:49 2026
========= Last MCU build config =========
CONFIG_LOW_LEVEL_OPTIONS=y
CONFIG_MACH_AVR=y
# CONFIG_MACH_ATSAM is not set
# CONFIG_MACH_ATSAMD is not set
# CONFIG_MACH_LPC176X is not set
# CONFIG_MACH_STM32 is not set
# CONFIG_MACH_HC32F460 is not set
# CONFIG_MACH_RPXXXX is not set
# CONFIG_MACH_PRU is not set
# CONFIG_MACH_AR100 is not set
# CONFIG_MACH_LINUX is not set
# CONFIG_MACH_SIMU is not set
CONFIG_AVR_SELECT=y
CONFIG_BOARD_DIRECTORY="avr"
# CONFIG_MACH_atmega2560 is not set
# CONFIG_MACH_atmega1280 is not set
# CONFIG_MACH_at90usb1286 is not set
# CONFIG_MACH_at90usb646 is not set
# CONFIG_MACH_atmega32u4 is not set
CONFIG_MACH_atmega1284p=y
# CONFIG_MACH_atmega644p is not set
# CONFIG_MACH_atmega328p is not set
# CONFIG_MACH_atmega328 is not set
# CONFIG_MACH_atmega168 is not set
# CONFIG_MACH_lgt8f328p is not set
CONFIG_MCU="atmega1284p"
CONFIG_AVR_BUILD_MCU="atmega1284p"
CONFIG_AVRDUDE_PROTOCOL="arduino"
CONFIG_AVR_FREQ_16000000=y
# CONFIG_AVR_FREQ_20000000 is not set
# CONFIG_AVR_FREQ_8000000 is not set
CONFIG_CLOCK_FREQ=16000000
CONFIG_AVR_CLKPR=-1
CONFIG_AVR_STACK_SIZE=256
CONFIG_AVR_WATCHDOG=y
CONFIG_SERIAL=y
CONFIG_AVR_SERIAL_UART0=y
# CONFIG_AVR_SERIAL_UART1 is not set
CONFIG_SERIAL_BAUD_U2X=y
CONFIG_SERIAL_PORT=0
# CONFIG_SIMULAVR is not set
CONFIG_SERIAL_BAUD=57600
CONFIG_USB_VENDOR_ID=0x1d50
CONFIG_USB_DEVICE_ID=0x614e
CONFIG_USB_SERIAL_NUMBER="12345"
CONFIG_WANT_ADC=y
CONFIG_WANT_SPI=y
CONFIG_WANT_SOFTWARE_SPI=y
CONFIG_WANT_I2C=y
CONFIG_WANT_SOFTWARE_I2C=y
CONFIG_WANT_HARD_PWM=y
CONFIG_WANT_BUTTONS=y
CONFIG_WANT_TMCUART=y
CONFIG_WANT_NEOPIXEL=y
CONFIG_WANT_PULSE_COUNTER=y
CONFIG_WANT_ST7920=y
CONFIG_WANT_HD44780=y
CONFIG_WANT_ADXL345=y
CONFIG_WANT_LIS2DW=y
CONFIG_WANT_BMI160=y
CONFIG_WANT_MPU9250=y
CONFIG_WANT_ICM20948=y
CONFIG_WANT_THERMOCOUPLE=y
CONFIG_WANT_HX71X=y
CONFIG_WANT_ADS1220=y
CONFIG_WANT_LDC1612=y
CONFIG_WANT_SENSOR_ANGLE=y
CONFIG_NEED_SENSOR_BULK=y
CONFIG_WANT_TRIGGER_ANALOG=y
CONFIG_NEED_SOS_FILTER=y
CONFIG_CANBUS_FREQUENCY=1000000
CONFIG_INLINE_STEPPER_HACK=y
CONFIG_INITIAL_PINS=""
CONFIG_HAVE_GPIO=y
CONFIG_HAVE_GPIO_ADC=y
CONFIG_HAVE_GPIO_SPI=y
CONFIG_HAVE_GPIO_I2C=y
CONFIG_HAVE_GPIO_HARD_PWM=y
CONFIG_HAVE_STRICT_TIMING=y
=======================
Build file /home/pi/klipper/klippy/../out/klipper.dict(9601): Sat Feb 21 16:07:54 2026
Last MCU build version: v0.13.0-541-g187481e2
Last MCU build tools: gcc: (GCC) 14.2.0 binutils: (GNU Binutils) 2.44
Last MCU build config: ADC_MAX=1023 BUS_PINS_spi=PB6,PB5,PB7 BUS_PINS_twi=PC0,PC1 CLOCK_FREQ=16000000 MCU=atmega1284p PWM_MAX=255 RECEIVE_WINDOW=192 RESERVE_PINS_serial=PD0,PD1 SERIAL_BAUD=57600 STATS_SUMSQ_BASE=256 STEPPER_OPTIMIZED_UNSTEP=40 STEPPER_STEP_BOTH_EDGE=1
Build file /home/pi/klipper/klippy/../out/klipper.elf(1554628): Sat Feb 21 16:07:55 2026
webhooks client 4084624352: Disconnected
Restarting printer
Start printer at Fri Feb 27 14:32:39 2026 (1772199159.4 524032.2)
===== Config file =====
[display_status]

[virtual_sdcard]
path = /home/pi/printer_ANET1_data/gcodes
on_error_gcode = CANCEL_PRINT

[pause_resume]

[respond]

[gcode_macro CANCEL_PRINT]
description = Cancel the actual running print
rename_existing = CANCEL_PRINT_BASE
gcode = 
	
	
	{% if printer.pause_resume.is_paused|lower == 'false' and park|lower == 'true'%}
	_TOOLHEAD_PARK_PAUSE_CANCEL
	{% endif %}
	
	
	
	TURN_OFF_HEATERS
	CANCEL_PRINT_BASE
variable_park = True

[gcode_macro PAUSE]
description = Pause the actual running print
rename_existing = PAUSE_BASE
gcode = 
	PAUSE_BASE
	_TOOLHEAD_PARK_PAUSE_CANCEL

[gcode_macro RESUME]
description = Resume the actual running print
rename_existing = RESUME_BASE
variable_last_extruder_temp = {'restore': False, 'temp': 0}
variable_restore_idle_timeout = 0
variable_idle_state = False
gcode = 
	
	
	{% set extrude = printer['gcode_macro _TOOLHEAD_PARK_PAUSE_CANCEL'].extrude %}
	
	{% if 'VELOCITY' in params|upper %}
	{% set get_params = ('VELOCITY=' + params.VELOCITY)  %}
	{%else %}
	{% set get_params = "" %}
	{% endif %}
	
	{% if printer.extruder.can_extrude|lower == 'true' %}
	M83
	G1 E{extrude} F2100
	{% if printer.gcode_move.absolute_extrude |lower == 'true' %} M82 {% endif %}
	{% else %}
	{action_respond_info("Extruder not hot enough")}
	{% endif %}
	RESUME_BASE {get_params}

[gcode_macro SET_PAUSE_NEXT_LAYER]
description = Enable a pause if the next layer is reached
gcode = 
	{% set pause_next_layer = printer['gcode_macro SET_PRINT_STATS_INFO'].pause_next_layer %}
	{% set ENABLE = params.ENABLE|default(1)|int != 0 %}
	{% set MACRO = params.MACRO|default(pause_next_layer.call, True) %}
	SET_GCODE_VARIABLE MACRO=SET_PRINT_STATS_INFO VARIABLE=pause_next_layer VALUE="{{ 'enable': ENABLE, 'call': MACRO }}"

[gcode_macro SET_PAUSE_AT_LAYER]
description = Enable/disable a pause if a given layer number is reached
gcode = 
	{% set pause_at_layer = printer['gcode_macro SET_PRINT_STATS_INFO'].pause_at_layer %}
	{% set ENABLE = params.ENABLE|int != 0 if params.ENABLE is defined
	else params.LAYER is defined %}
	{% set LAYER = params.LAYER|default(pause_at_layer.layer)|int %}
	{% set MACRO = params.MACRO|default(pause_at_layer.call, True) %}
	SET_GCODE_VARIABLE MACRO=SET_PRINT_STATS_INFO VARIABLE=pause_at_layer VALUE="{{ 'enable': ENABLE, 'layer': LAYER, 'call': MACRO }}"

[gcode_macro SET_PRINT_STATS_INFO]
rename_existing = SET_PRINT_STATS_INFO_BASE
description = Overwrite, to get pause_next_layer and pause_at_layer feature
variable_pause_next_layer = { 'enable': False, 'call': "PAUSE" }
variable_pause_at_layer = { 'enable': False, 'layer': 0, 'call': "PAUSE" }
gcode = 
	{% if pause_next_layer.enable %}
	RESPOND TYPE=echo MSG='{"%s, forced by pause_next_layer" % pause_next_layer.call}'
	{pause_next_layer.call}
	SET_PAUSE_NEXT_LAYER ENABLE=0
	{% elif pause_at_layer.enable and params.CURRENT_LAYER is defined and params.CURRENT_LAYER|int == pause_at_layer.layer %}
	RESPOND TYPE=echo MSG='{"%s, forced by pause_at_layer [%d]" % (pause_at_layer.call, pause_at_layer.layer)}'
	{pause_at_layer.call}
	SET_PAUSE_AT_LAYER ENABLE=0
	{% endif %}
	SET_PRINT_STATS_INFO_BASE {rawparams}

[gcode_macro _TOOLHEAD_PARK_PAUSE_CANCEL]
description = Helper: park toolhead used in PAUSE and CANCEL_PRINT
gcode = 
	
	{% set client = printer['gcode_macro _CLIENT_VARIABLE']|default({}) %}
	{% set velocity = printer.configfile.settings.pause_resume.recover_velocity %}
	{% set use_custom     = client.use_custom_pos|default(false)|lower == 'true' %}
	{% set custom_park_x  = client.custom_park_x|default(0.0) %}
	{% set custom_park_y  = client.custom_park_y|default(0.0) %}
	{% set park_dz        = client.custom_park_dz|default(2.0)|abs %}
	{% set sp_hop         = client.speed_hop|default(15) * 60 %}
	{% set sp_move        = client.speed_move|default(velocity) * 60 %}
	
	{% set origin    = printer.gcode_move.homing_origin %}
	{% set act       = printer.gcode_move.gcode_position %}
	{% set max       = printer.toolhead.axis_maximum %}
	{% set cone      = printer.toolhead.cone_start_z|default(max.z) %}
	{% set round_bed = True if printer.configfile.settings.printer.kinematics is in ['delta','polar','rotary_delta','winch']
	else False %}
	
	{% set z_min = params.Z_MIN|default(0)|float %}
	{% set z_park = [[(act.z + park_dz), z_min]|max, (max.z - origin.z)]|min %}
	{% set x_park = params.X       if params.X is defined
	else custom_park_x  if use_custom
	else 0.0            if round_bed
	else (max.x - 5.0) %}
	{% set y_park = params.Y       if params.Y is defined
	else custom_park_y  if use_custom
	else (max.y - 5.0)  if round_bed and z_park < cone
	else 0.0            if round_bed
	else (max.y - 5.0) %}
	
	_CLIENT_RETRACT
	{% if "xyz" in printer.toolhead.homed_axes %}
	G90
	G1 Z{z_park} F{sp_hop}
	G1 X{x_park} Y{y_park} F{sp_move}
	{% if not printer.gcode_move.absolute_coordinates %} G91 {% endif %}
	{% else %}
	RESPOND TYPE=echo MSG='Printer not homed'
	{% endif %}

[gcode_macro _CLIENT_EXTRUDE]
description = Extrudes, if the extruder is hot enough
gcode = 
	
	{% set client = printer['gcode_macro _CLIENT_VARIABLE']|default({}) %}
	{% set use_fw_retract = (client.use_fw_retract|default(false)|lower == 'true') and (printer.firmware_retraction is defined) %}
	{% set length = params.LENGTH|default(client.unretract)|default(1.0)|float %}
	{% set speed = params.SPEED|default(client.speed_unretract)|default(35) %}
	{% set absolute_extrude = printer.gcode_move.absolute_extrude %}
	
	{% if printer.toolhead.extruder != '' %}
	{% if printer[printer.toolhead.extruder].can_extrude %}
	{% if use_fw_retract %}
	{% if length < 0 %}
	G10
	{% else %}
	G11
	{% endif %}
	{% else %}
	M83
	G1 E{length} F{(speed|float|abs) * 60}
	{% if absolute_extrude %}
	M82
	{% endif %}
	{% endif %}
	{% else %}
	RESPOND TYPE=echo MSG='{"\"%s\" not hot enough" % printer.toolhead.extruder}'
	{% endif %}
	{% endif %}

[gcode_macro _CLIENT_RETRACT]
description = Retracts, if the extruder is hot enough
gcode = 
	{% set client = printer['gcode_macro _CLIENT_VARIABLE']|default({}) %}
	{% set length = params.LENGTH|default(client.retract)|default(1.0)|float %}
	{% set speed = params.SPEED|default(client.speed_retract)|default(35) %}
	
	_CLIENT_EXTRUDE LENGTH=-{length|float|abs} SPEED={speed|float|abs}

[gcode_macro _CLIENT_LINEAR_MOVE]
description = Linear move with save and restore of the gcode state
gcode = 
	{% set x_move = "X" ~ params.X if params.X is defined else "" %}
	{% set y_move = "Y" ~ params.Y if params.Y is defined else "" %}
	{% set z_move = "Z" ~ params.Z if params.Z is defined else "" %}
	{% set e_move = "E" ~ params.E if params.E is defined else "" %}
	{% set rate = "F" ~ params.F if params.F is defined else "" %}
	{% set ABSOLUTE = params.ABSOLUTE | default(0) | int != 0 %}
	{% set ABSOLUTE_E = params.ABSOLUTE_E | default(0) | int != 0 %}
	SAVE_GCODE_STATE NAME=_client_movement
	{% if x_move or y_move or z_move %}
	G9{ 0 if ABSOLUTE else 1 }
	{% endif %}
	{% if e_move %}
	M8{ 2 if ABSOLUTE_E else 3 }
	{% endif %}
	G1 { x_move } { y_move } { z_move } { e_move } { rate }
	RESTORE_GCODE_STATE NAME=_client_movement

[mcu]
serial = /dev/serial/by-path/platform-xhci-hcd.1-usb-0:2.4.3:1.0-port0

[exclude_object]

[stepper_x]
step_pin = PD7
dir_pin = PC5
enable_pin = !PD6
microsteps = 16
rotation_distance = 32
endstop_pin = ^!PC2
position_endstop = -30
position_max = 220
position_min = -30
homing_speed = 50

[stepper_y]
step_pin = PC6
dir_pin = PC7
enable_pin = !PD6
microsteps = 16
rotation_distance = 32
endstop_pin = ^!PC3
position_endstop = -8
position_min = -8
position_max = 220
homing_speed = 50

[stepper_z]
step_pin = PB3
dir_pin = !PB2
enable_pin = !PA5
microsteps = 16
rotation_distance = 8
endstop_pin = ^!PC4
position_endstop = 0.5
position_max = 240
homing_speed = 20

[extruder]
step_pin = PB1
dir_pin = PB0
enable_pin = !PD6
microsteps = 16
rotation_distance = 33.600
nozzle_diameter = 0.400
filament_diameter = 1.750
heater_pin = PD5
sensor_type = ATC Semitec 104GT-2
sensor_pin = PA7
control = pid
pid_kp = 2.151492
pid_ki = 0.633897
pid_kd = 230.042965
min_temp = 0
max_temp = 250

[heater_bed]
heater_pin = PD4
sensor_type = ATC Semitec 104GT-2
sensor_pin = PA6
control = watermark
min_temp = 0
max_temp = 130

[fan]
pin = PB4

[printer]
kinematics = cartesian
max_velocity = 300
max_accel = 1000
max_z_velocity = 20
max_z_accel = 100

[display]
lcd_type = hd44780
rs_pin = PA3
e_pin = PA2
d4_pin = PD2
d5_pin = PD3
d6_pin = PC0
d7_pin = PC1
up_pin = PA1
analog_range_up_pin = 9000, 13000
down_pin = PA1
analog_range_down_pin = 800, 1300
click_pin = PA1
analog_range_click_pin = 2000, 2500
back_pin = PA1
analog_range_back_pin = 4500, 5000
=======================
Extruder max_extrude_ratio=0.266081
mcu 'mcu': Starting serial connect
webhooks client 4084691832: New connection
webhooks client 4084691832: Client info {'program': 'Moonraker', 'version': 'v0.10.0-8-g293a4cf'}
mcu 'mcu': got {'oid': 11, 'next_clock': 268960000, 'value': 7957, '#name': 'analog_in_state', '#sent_time': 524033.05056372605, '#receive_time': 524033.058929244}
mcu 'mcu': got {'oid': 11, 'next_clock': 273760000, 'value': 7956, '#name': 'analog_in_state', '#sent_time': 524033.317463466, '#receive_time': 524033.361340207}
Loaded MCU 'mcu' 121 commands (v0.13.0-119-g17b8ce4c6 / gcc: (GCC) 5.4.0 binutils: (GNU Binutils) 2.26.20160125)
MCU 'mcu' config: ADC_MAX=1023 BUS_PINS_spi=PB6,PB5,PB7 BUS_PINS_twi=PC0,PC1 CLOCK_FREQ=16000000 MCU=atmega1284p PWM_MAX=255 RECEIVE_WINDOW=192 RESERVE_PINS_serial=PD0,PD1 SERIAL_BAUD=250000 STATS_SUMSQ_BASE=256 STEPPER_OPTIMIZED_UNSTEP=40 STEPPER_STEP_BOTH_EDGE=1
Protocol error
Traceback (most recent call last):
  File "/home/pi/klipper/klippy/msgproto.py", line 335, in create_command
    t = mp.name_to_type[name]
        ~~~~~~~~~~~~~~~^^^^^^
KeyError: 'bytes_per_report'

During handling of the above exception, another exception occurred:

Traceback (most recent call last):
  File "/home/pi/klipper/klippy/klippy.py", line 135, in _connect
    cb()
    ~~^^
  File "/home/pi/klipper/klippy/mcu.py", line 1047, in _connect
    self._send_config(config_params['crc'])
    ~~~~~~~~~~~~~~~~~^^^^^^^^^^^^^^^^^^^^^^
  File "/home/pi/klipper/klippy/mcu.py", line 1008, in _send_config
    self._serial.send(c)
    ~~~~~~~~~~~~~~~~~^^^
  File "/home/pi/klipper/klippy/serialhdl.py", line 266, in send
    cmd = self.msgparser.create_command(msg)
  File "/home/pi/klipper/klippy/msgproto.py", line 347, in create_command
    self._error("Unable to extract params from: %s", msgname)
    ~~~~~~~~~~~^^^^^^^^^^^^^^^^^^^^^^^^^^^^^^^^^^^^^^^^^^^^^^
  File "/home/pi/klipper/klippy/msgproto.py", line 242, in _error
    raise error(self.warn_prefix + (msg % params))
msgproto.error: mcu 'mcu': Unable to extract params from: query_analog_in
MCU Protocol error

This is frequently caused by running an older version of the
firmware on the MCU(s). Fix by recompiling and flashing the
firmware.

Your Klipper version is: v0.13.0-557-g54c7b65d
MCU(s) which should be updated:
mcu: Current version v0.13.0-119-g17b8ce4c6
Up-to-date MCU(s):
<none>

Once the underlying issue is corrected, use the "RESTART"
command to reload the config and restart the host software.

mcu 'mcu': Unable to extract params from: query_analog_in
Build file /home/pi/klipper/klippy/../.config(2155): Sat Feb 21 16:07:49 2026
========= Last MCU build config =========
CONFIG_LOW_LEVEL_OPTIONS=y
CONFIG_MACH_AVR=y
# CONFIG_MACH_ATSAM is not set
# CONFIG_MACH_ATSAMD is not set
# CONFIG_MACH_LPC176X is not set
# CONFIG_MACH_STM32 is not set
# CONFIG_MACH_HC32F460 is not set
# CONFIG_MACH_RPXXXX is not set
# CONFIG_MACH_PRU is not set
# CONFIG_MACH_AR100 is not set
# CONFIG_MACH_LINUX is not set
# CONFIG_MACH_SIMU is not set
CONFIG_AVR_SELECT=y
CONFIG_BOARD_DIRECTORY="avr"
# CONFIG_MACH_atmega2560 is not set
# CONFIG_MACH_atmega1280 is not set
# CONFIG_MACH_at90usb1286 is not set
# CONFIG_MACH_at90usb646 is not set
# CONFIG_MACH_atmega32u4 is not set
CONFIG_MACH_atmega1284p=y
# CONFIG_MACH_atmega644p is not set
# CONFIG_MACH_atmega328p is not set
# CONFIG_MACH_atmega328 is not set
# CONFIG_MACH_atmega168 is not set
# CONFIG_MACH_lgt8f328p is not set
CONFIG_MCU="atmega1284p"
CONFIG_AVR_BUILD_MCU="atmega1284p"
CONFIG_AVRDUDE_PROTOCOL="arduino"
CONFIG_AVR_FREQ_16000000=y
# CONFIG_AVR_FREQ_20000000 is not set
# CONFIG_AVR_FREQ_8000000 is not set
CONFIG_CLOCK_FREQ=16000000
CONFIG_AVR_CLKPR=-1
CONFIG_AVR_STACK_SIZE=256
CONFIG_AVR_WATCHDOG=y
CONFIG_SERIAL=y
CONFIG_AVR_SERIAL_UART0=y
# CONFIG_AVR_SERIAL_UART1 is not set
CONFIG_SERIAL_BAUD_U2X=y
CONFIG_SERIAL_PORT=0
# CONFIG_SIMULAVR is not set
CONFIG_SERIAL_BAUD=57600
CONFIG_USB_VENDOR_ID=0x1d50
CONFIG_USB_DEVICE_ID=0x614e
CONFIG_USB_SERIAL_NUMBER="12345"
CONFIG_WANT_ADC=y
CONFIG_WANT_SPI=y
CONFIG_WANT_SOFTWARE_SPI=y
CONFIG_WANT_I2C=y
CONFIG_WANT_SOFTWARE_I2C=y
CONFIG_WANT_HARD_PWM=y
CONFIG_WANT_BUTTONS=y
CONFIG_WANT_TMCUART=y
CONFIG_WANT_NEOPIXEL=y
CONFIG_WANT_PULSE_COUNTER=y
CONFIG_WANT_ST7920=y
CONFIG_WANT_HD44780=y
CONFIG_WANT_ADXL345=y
CONFIG_WANT_LIS2DW=y
CONFIG_WANT_BMI160=y
CONFIG_WANT_MPU9250=y
CONFIG_WANT_ICM20948=y
CONFIG_WANT_THERMOCOUPLE=y
CONFIG_WANT_HX71X=y
CONFIG_WANT_ADS1220=y
CONFIG_WANT_LDC1612=y
CONFIG_WANT_SENSOR_ANGLE=y
CONFIG_NEED_SENSOR_BULK=y
CONFIG_WANT_TRIGGER_ANALOG=y
CONFIG_NEED_SOS_FILTER=y
CONFIG_CANBUS_FREQUENCY=1000000
CONFIG_INLINE_STEPPER_HACK=y
CONFIG_INITIAL_PINS=""
CONFIG_HAVE_GPIO=y
CONFIG_HAVE_GPIO_ADC=y
CONFIG_HAVE_GPIO_SPI=y
CONFIG_HAVE_GPIO_I2C=y
CONFIG_HAVE_GPIO_HARD_PWM=y
CONFIG_HAVE_STRICT_TIMING=y
=======================
Build file /home/pi/klipper/klippy/../out/klipper.dict(9601): Sat Feb 21 16:07:54 2026
Last MCU build version: v0.13.0-541-g187481e2
Last MCU build tools: gcc: (GCC) 14.2.0 binutils: (GNU Binutils) 2.44
Last MCU build config: ADC_MAX=1023 BUS_PINS_spi=PB6,PB5,PB7 BUS_PINS_twi=PC0,PC1 CLOCK_FREQ=16000000 MCU=atmega1284p PWM_MAX=255 RECEIVE_WINDOW=192 RESERVE_PINS_serial=PD0,PD1 SERIAL_BAUD=57600 STATS_SUMSQ_BASE=256 STEPPER_OPTIMIZED_UNSTEP=40 STEPPER_STEP_BOTH_EDGE=1
Build file /home/pi/klipper/klippy/../out/klipper.elf(1554628): Sat Feb 21 16:07:55 2026
Starting Klippy...
Args: ['/home/pi/klipper/klippy/klippy.py', '/home/pi/printer_ANET1_data/config/printer.cfg', '-I', '/home/pi/printer_ANET1_data/comms/klippy.serial', '-l', '/home/pi/printer_ANET1_data/logs/klippy.log', '-a', '/home/pi/printer_ANET1_data/comms/klippy.sock']
Git version: 'v0.13.0-557-g54c7b65d'
Branch: master
Remote: origin
Tracked URL: https://github.com/Klipper3d/klipper
CPU: 4 core ?
Device: Raspberry Pi 5 Model B Rev 1.0
Linux: Linux version 6.12.62+rpt-rpi-v8 (serge@raspberrypi.com) (aarch64-linux-gnu-gcc-14 (Debian 14.2.0-19) 14.2.0, GNU ld (GNU Binutils for Debian) 2.44) #1 SMP PREEMPT Debian 1:6.12.62-1+rpt1 (2025-12-18)
Python: '3.13.5 (main, Jun 25 2025, 18:55:22) [GCC 14.2.0]'
Start printer at Fri Feb 27 14:33:54 2026 (1772199234.8 10.6)
===== Config file =====
[display_status]

[virtual_sdcard]
path = /home/pi/printer_ANET1_data/gcodes
on_error_gcode = CANCEL_PRINT

[pause_resume]

[respond]

[gcode_macro CANCEL_PRINT]
description = Cancel the actual running print
rename_existing = CANCEL_PRINT_BASE
gcode = 
	
	
	{% if printer.pause_resume.is_paused|lower == 'false' and park|lower == 'true'%}
	_TOOLHEAD_PARK_PAUSE_CANCEL
	{% endif %}
	
	
	
	TURN_OFF_HEATERS
	CANCEL_PRINT_BASE
variable_park = True

[gcode_macro PAUSE]
description = Pause the actual running print
rename_existing = PAUSE_BASE
gcode = 
	PAUSE_BASE
	_TOOLHEAD_PARK_PAUSE_CANCEL

[gcode_macro RESUME]
description = Resume the actual running print
rename_existing = RESUME_BASE
variable_last_extruder_temp = {'restore': False, 'temp': 0}
variable_restore_idle_timeout = 0
variable_idle_state = False
gcode = 
	
	
	{% set extrude = printer['gcode_macro _TOOLHEAD_PARK_PAUSE_CANCEL'].extrude %}
	
	{% if 'VELOCITY' in params|upper %}
	{% set get_params = ('VELOCITY=' + params.VELOCITY)  %}
	{%else %}
	{% set get_params = "" %}
	{% endif %}
	
	{% if printer.extruder.can_extrude|lower == 'true' %}
	M83
	G1 E{extrude} F2100
	{% if printer.gcode_move.absolute_extrude |lower == 'true' %} M82 {% endif %}
	{% else %}
	{action_respond_info("Extruder not hot enough")}
	{% endif %}
	RESUME_BASE {get_params}

[gcode_macro SET_PAUSE_NEXT_LAYER]
description = Enable a pause if the next layer is reached
gcode = 
	{% set pause_next_layer = printer['gcode_macro SET_PRINT_STATS_INFO'].pause_next_layer %}
	{% set ENABLE = params.ENABLE|default(1)|int != 0 %}
	{% set MACRO = params.MACRO|default(pause_next_layer.call, True) %}
	SET_GCODE_VARIABLE MACRO=SET_PRINT_STATS_INFO VARIABLE=pause_next_layer VALUE="{{ 'enable': ENABLE, 'call': MACRO }}"

[gcode_macro SET_PAUSE_AT_LAYER]
description = Enable/disable a pause if a given layer number is reached
gcode = 
	{% set pause_at_layer = printer['gcode_macro SET_PRINT_STATS_INFO'].pause_at_layer %}
	{% set ENABLE = params.ENABLE|int != 0 if params.ENABLE is defined
	else params.LAYER is defined %}
	{% set LAYER = params.LAYER|default(pause_at_layer.layer)|int %}
	{% set MACRO = params.MACRO|default(pause_at_layer.call, True) %}
	SET_GCODE_VARIABLE MACRO=SET_PRINT_STATS_INFO VARIABLE=pause_at_layer VALUE="{{ 'enable': ENABLE, 'layer': LAYER, 'call': MACRO }}"

[gcode_macro SET_PRINT_STATS_INFO]
rename_existing = SET_PRINT_STATS_INFO_BASE
description = Overwrite, to get pause_next_layer and pause_at_layer feature
variable_pause_next_layer = { 'enable': False, 'call': "PAUSE" }
variable_pause_at_layer = { 'enable': False, 'layer': 0, 'call': "PAUSE" }
gcode = 
	{% if pause_next_layer.enable %}
	RESPOND TYPE=echo MSG='{"%s, forced by pause_next_layer" % pause_next_layer.call}'
	{pause_next_layer.call}
	SET_PAUSE_NEXT_LAYER ENABLE=0
	{% elif pause_at_layer.enable and params.CURRENT_LAYER is defined and params.CURRENT_LAYER|int == pause_at_layer.layer %}
	RESPOND TYPE=echo MSG='{"%s, forced by pause_at_layer [%d]" % (pause_at_layer.call, pause_at_layer.layer)}'
	{pause_at_layer.call}
	SET_PAUSE_AT_LAYER ENABLE=0
	{% endif %}
	SET_PRINT_STATS_INFO_BASE {rawparams}

[gcode_macro _TOOLHEAD_PARK_PAUSE_CANCEL]
description = Helper: park toolhead used in PAUSE and CANCEL_PRINT
gcode = 
	
	{% set client = printer['gcode_macro _CLIENT_VARIABLE']|default({}) %}
	{% set velocity = printer.configfile.settings.pause_resume.recover_velocity %}
	{% set use_custom     = client.use_custom_pos|default(false)|lower == 'true' %}
	{% set custom_park_x  = client.custom_park_x|default(0.0) %}
	{% set custom_park_y  = client.custom_park_y|default(0.0) %}
	{% set park_dz        = client.custom_park_dz|default(2.0)|abs %}
	{% set sp_hop         = client.speed_hop|default(15) * 60 %}
	{% set sp_move        = client.speed_move|default(velocity) * 60 %}
	
	{% set origin    = printer.gcode_move.homing_origin %}
	{% set act       = printer.gcode_move.gcode_position %}
	{% set max       = printer.toolhead.axis_maximum %}
	{% set cone      = printer.toolhead.cone_start_z|default(max.z) %}
	{% set round_bed = True if printer.configfile.settings.printer.kinematics is in ['delta','polar','rotary_delta','winch']
	else False %}
	
	{% set z_min = params.Z_MIN|default(0)|float %}
	{% set z_park = [[(act.z + park_dz), z_min]|max, (max.z - origin.z)]|min %}
	{% set x_park = params.X       if params.X is defined
	else custom_park_x  if use_custom
	else 0.0            if round_bed
	else (max.x - 5.0) %}
	{% set y_park = params.Y       if params.Y is defined
	else custom_park_y  if use_custom
	else (max.y - 5.0)  if round_bed and z_park < cone
	else 0.0            if round_bed
	else (max.y - 5.0) %}
	
	_CLIENT_RETRACT
	{% if "xyz" in printer.toolhead.homed_axes %}
	G90
	G1 Z{z_park} F{sp_hop}
	G1 X{x_park} Y{y_park} F{sp_move}
	{% if not printer.gcode_move.absolute_coordinates %} G91 {% endif %}
	{% else %}
	RESPOND TYPE=echo MSG='Printer not homed'
	{% endif %}

[gcode_macro _CLIENT_EXTRUDE]
description = Extrudes, if the extruder is hot enough
gcode = 
	
	{% set client = printer['gcode_macro _CLIENT_VARIABLE']|default({}) %}
	{% set use_fw_retract = (client.use_fw_retract|default(false)|lower == 'true') and (printer.firmware_retraction is defined) %}
	{% set length = params.LENGTH|default(client.unretract)|default(1.0)|float %}
	{% set speed = params.SPEED|default(client.speed_unretract)|default(35) %}
	{% set absolute_extrude = printer.gcode_move.absolute_extrude %}
	
	{% if printer.toolhead.extruder != '' %}
	{% if printer[printer.toolhead.extruder].can_extrude %}
	{% if use_fw_retract %}
	{% if length < 0 %}
	G10
	{% else %}
	G11
	{% endif %}
	{% else %}
	M83
	G1 E{length} F{(speed|float|abs) * 60}
	{% if absolute_extrude %}
	M82
	{% endif %}
	{% endif %}
	{% else %}
	RESPOND TYPE=echo MSG='{"\"%s\" not hot enough" % printer.toolhead.extruder}'
	{% endif %}
	{% endif %}

[gcode_macro _CLIENT_RETRACT]
description = Retracts, if the extruder is hot enough
gcode = 
	{% set client = printer['gcode_macro _CLIENT_VARIABLE']|default({}) %}
	{% set length = params.LENGTH|default(client.retract)|default(1.0)|float %}
	{% set speed = params.SPEED|default(client.speed_retract)|default(35) %}
	
	_CLIENT_EXTRUDE LENGTH=-{length|float|abs} SPEED={speed|float|abs}

[gcode_macro _CLIENT_LINEAR_MOVE]
description = Linear move with save and restore of the gcode state
gcode = 
	{% set x_move = "X" ~ params.X if params.X is defined else "" %}
	{% set y_move = "Y" ~ params.Y if params.Y is defined else "" %}
	{% set z_move = "Z" ~ params.Z if params.Z is defined else "" %}
	{% set e_move = "E" ~ params.E if params.E is defined else "" %}
	{% set rate = "F" ~ params.F if params.F is defined else "" %}
	{% set ABSOLUTE = params.ABSOLUTE | default(0) | int != 0 %}
	{% set ABSOLUTE_E = params.ABSOLUTE_E | default(0) | int != 0 %}
	SAVE_GCODE_STATE NAME=_client_movement
	{% if x_move or y_move or z_move %}
	G9{ 0 if ABSOLUTE else 1 }
	{% endif %}
	{% if e_move %}
	M8{ 2 if ABSOLUTE_E else 3 }
	{% endif %}
	G1 { x_move } { y_move } { z_move } { e_move } { rate }
	RESTORE_GCODE_STATE NAME=_client_movement

[mcu]
serial = /dev/serial/by-path/platform-xhci-hcd.1-usb-0:2.4.3:1.0-port0

[exclude_object]

[stepper_x]
step_pin = PD7
dir_pin = PC5
enable_pin = !PD6
microsteps = 16
rotation_distance = 32
endstop_pin = ^!PC2
position_endstop = -30
position_max = 220
position_min = -30
homing_speed = 50

[stepper_y]
step_pin = PC6
dir_pin = PC7
enable_pin = !PD6
microsteps = 16
rotation_distance = 32
endstop_pin = ^!PC3
position_endstop = -8
position_min = -8
position_max = 220
homing_speed = 50

[stepper_z]
step_pin = PB3
dir_pin = !PB2
enable_pin = !PA5
microsteps = 16
rotation_distance = 8
endstop_pin = ^!PC4
position_endstop = 0.5
position_max = 240
homing_speed = 20

[extruder]
step_pin = PB1
dir_pin = PB0
enable_pin = !PD6
microsteps = 16
rotation_distance = 33.600
nozzle_diameter = 0.400
filament_diameter = 1.750
heater_pin = PD5
sensor_type = ATC Semitec 104GT-2
sensor_pin = PA7
control = pid
pid_kp = 2.151492
pid_ki = 0.633897
pid_kd = 230.042965
min_temp = 0
max_temp = 250

[heater_bed]
heater_pin = PD4
sensor_type = ATC Semitec 104GT-2
sensor_pin = PA6
control = watermark
min_temp = 0
max_temp = 130

[fan]
pin = PB4

[printer]
kinematics = cartesian
max_velocity = 300
max_accel = 1000
max_z_velocity = 20
max_z_accel = 100

[display]
lcd_type = hd44780
rs_pin = PA3
e_pin = PA2
d4_pin = PD2
d5_pin = PD3
d6_pin = PC0
d7_pin = PC1
up_pin = PA1
analog_range_up_pin = 9000, 13000
down_pin = PA1
analog_range_down_pin = 800, 1300
click_pin = PA1
analog_range_click_pin = 2000, 2500
back_pin = PA1
analog_range_back_pin = 4500, 5000
=======================
Extruder max_extrude_ratio=0.266081
mcu 'mcu': Starting serial connect
webhooks client 4118522800: New connection
webhooks client 4118522800: Client info {'program': 'Moonraker', 'version': 'v0.10.0-9-g3fbe6ee'}
Loaded MCU 'mcu' 121 commands (v0.13.0-119-g17b8ce4c6 / gcc: (GCC) 5.4.0 binutils: (GNU Binutils) 2.26.20160125)
MCU 'mcu' config: ADC_MAX=1023 BUS_PINS_spi=PB6,PB5,PB7 BUS_PINS_twi=PC0,PC1 CLOCK_FREQ=16000000 MCU=atmega1284p PWM_MAX=255 RECEIVE_WINDOW=192 RESERVE_PINS_serial=PD0,PD1 SERIAL_BAUD=250000 STATS_SUMSQ_BASE=256 STEPPER_OPTIMIZED_UNSTEP=40 STEPPER_STEP_BOTH_EDGE=1
Sending MCU 'mcu' printer configuration...
Protocol error
Traceback (most recent call last):
  File "/home/pi/klipper/klippy/msgproto.py", line 335, in create_command
    t = mp.name_to_type[name]
        ~~~~~~~~~~~~~~~^^^^^^
KeyError: 'bytes_per_report'

During handling of the above exception, another exception occurred:

Traceback (most recent call last):
  File "/home/pi/klipper/klippy/klippy.py", line 135, in _connect
    cb()
    ~~^^
  File "/home/pi/klipper/klippy/mcu.py", line 1037, in _connect
    self._send_config(None)
    ~~~~~~~~~~~~~~~~~^^^^^^
  File "/home/pi/klipper/klippy/mcu.py", line 1008, in _send_config
    self._serial.send(c)
    ~~~~~~~~~~~~~~~~~^^^
  File "/home/pi/klipper/klippy/serialhdl.py", line 266, in send
    cmd = self.msgparser.create_command(msg)
  File "/home/pi/klipper/klippy/msgproto.py", line 347, in create_command
    self._error("Unable to extract params from: %s", msgname)
    ~~~~~~~~~~~^^^^^^^^^^^^^^^^^^^^^^^^^^^^^^^^^^^^^^^^^^^^^^
  File "/home/pi/klipper/klippy/msgproto.py", line 242, in _error
    raise error(self.warn_prefix + (msg % params))
msgproto.error: mcu 'mcu': Unable to extract params from: query_analog_in
MCU Protocol error

This is frequently caused by running an older version of the
firmware on the MCU(s). Fix by recompiling and flashing the
firmware.

Your Klipper version is: v0.13.0-557-g54c7b65d
MCU(s) which should be updated:
mcu: Current version v0.13.0-119-g17b8ce4c6
Up-to-date MCU(s):
<none>

Once the underlying issue is corrected, use the "RESTART"
command to reload the config and restart the host software.

mcu 'mcu': Unable to extract params from: query_analog_in
Build file /home/pi/klipper/klippy/../.config(2155): Sat Feb 21 16:07:49 2026
========= Last MCU build config =========
CONFIG_LOW_LEVEL_OPTIONS=y
CONFIG_MACH_AVR=y
# CONFIG_MACH_ATSAM is not set
# CONFIG_MACH_ATSAMD is not set
# CONFIG_MACH_LPC176X is not set
# CONFIG_MACH_STM32 is not set
# CONFIG_MACH_HC32F460 is not set
# CONFIG_MACH_RPXXXX is not set
# CONFIG_MACH_PRU is not set
# CONFIG_MACH_AR100 is not set
# CONFIG_MACH_LINUX is not set
# CONFIG_MACH_SIMU is not set
CONFIG_AVR_SELECT=y
CONFIG_BOARD_DIRECTORY="avr"
# CONFIG_MACH_atmega2560 is not set
# CONFIG_MACH_atmega1280 is not set
# CONFIG_MACH_at90usb1286 is not set
# CONFIG_MACH_at90usb646 is not set
# CONFIG_MACH_atmega32u4 is not set
CONFIG_MACH_atmega1284p=y
# CONFIG_MACH_atmega644p is not set
# CONFIG_MACH_atmega328p is not set
# CONFIG_MACH_atmega328 is not set
# CONFIG_MACH_atmega168 is not set
# CONFIG_MACH_lgt8f328p is not set
CONFIG_MCU="atmega1284p"
CONFIG_AVR_BUILD_MCU="atmega1284p"
CONFIG_AVRDUDE_PROTOCOL="arduino"
CONFIG_AVR_FREQ_16000000=y
# CONFIG_AVR_FREQ_20000000 is not set
# CONFIG_AVR_FREQ_8000000 is not set
CONFIG_CLOCK_FREQ=16000000
CONFIG_AVR_CLKPR=-1
CONFIG_AVR_STACK_SIZE=256
CONFIG_AVR_WATCHDOG=y
CONFIG_SERIAL=y
CONFIG_AVR_SERIAL_UART0=y
# CONFIG_AVR_SERIAL_UART1 is not set
CONFIG_SERIAL_BAUD_U2X=y
CONFIG_SERIAL_PORT=0
# CONFIG_SIMULAVR is not set
CONFIG_SERIAL_BAUD=57600
CONFIG_USB_VENDOR_ID=0x1d50
CONFIG_USB_DEVICE_ID=0x614e
CONFIG_USB_SERIAL_NUMBER="12345"
CONFIG_WANT_ADC=y
CONFIG_WANT_SPI=y
CONFIG_WANT_SOFTWARE_SPI=y
CONFIG_WANT_I2C=y
CONFIG_WANT_SOFTWARE_I2C=y
CONFIG_WANT_HARD_PWM=y
CONFIG_WANT_BUTTONS=y
CONFIG_WANT_TMCUART=y
CONFIG_WANT_NEOPIXEL=y
CONFIG_WANT_PULSE_COUNTER=y
CONFIG_WANT_ST7920=y
CONFIG_WANT_HD44780=y
CONFIG_WANT_ADXL345=y
CONFIG_WANT_LIS2DW=y
CONFIG_WANT_BMI160=y
CONFIG_WANT_MPU9250=y
CONFIG_WANT_ICM20948=y
CONFIG_WANT_THERMOCOUPLE=y
CONFIG_WANT_HX71X=y
CONFIG_WANT_ADS1220=y
CONFIG_WANT_LDC1612=y
CONFIG_WANT_SENSOR_ANGLE=y
CONFIG_NEED_SENSOR_BULK=y
CONFIG_WANT_TRIGGER_ANALOG=y
CONFIG_NEED_SOS_FILTER=y
CONFIG_CANBUS_FREQUENCY=1000000
CONFIG_INLINE_STEPPER_HACK=y
CONFIG_INITIAL_PINS=""
CONFIG_HAVE_GPIO=y
CONFIG_HAVE_GPIO_ADC=y
CONFIG_HAVE_GPIO_SPI=y
CONFIG_HAVE_GPIO_I2C=y
CONFIG_HAVE_GPIO_HARD_PWM=y
CONFIG_HAVE_STRICT_TIMING=y
=======================
Build file /home/pi/klipper/klippy/../out/klipper.dict(9601): Sat Feb 21 16:07:54 2026
Last MCU build version: v0.13.0-541-g187481e2
Last MCU build tools: gcc: (GCC) 14.2.0 binutils: (GNU Binutils) 2.44
Last MCU build config: ADC_MAX=1023 BUS_PINS_spi=PB6,PB5,PB7 BUS_PINS_twi=PC0,PC1 CLOCK_FREQ=16000000 MCU=atmega1284p PWM_MAX=255 RECEIVE_WINDOW=192 RESERVE_PINS_serial=PD0,PD1 SERIAL_BAUD=57600 STATS_SUMSQ_BASE=256 STEPPER_OPTIMIZED_UNSTEP=40 STEPPER_STEP_BOTH_EDGE=1
Build file /home/pi/klipper/klippy/../out/klipper.elf(1554628): Sat Feb 21 16:07:55 2026
webhooks client 4118522800: Disconnected
Restarting printer
Start printer at Fri Feb 27 14:34:22 2026 (1772199262.7 38.6)
===== Config file =====
[display_status]

[virtual_sdcard]
path = /home/pi/printer_ANET1_data/gcodes
on_error_gcode = CANCEL_PRINT

[pause_resume]

[respond]

[gcode_macro CANCEL_PRINT]
description = Cancel the actual running print
rename_existing = CANCEL_PRINT_BASE
gcode = 
	
	
	{% if printer.pause_resume.is_paused|lower == 'false' and park|lower == 'true'%}
	_TOOLHEAD_PARK_PAUSE_CANCEL
	{% endif %}
	
	
	
	TURN_OFF_HEATERS
	CANCEL_PRINT_BASE
variable_park = True

[gcode_macro PAUSE]
description = Pause the actual running print
rename_existing = PAUSE_BASE
gcode = 
	PAUSE_BASE
	_TOOLHEAD_PARK_PAUSE_CANCEL

[gcode_macro RESUME]
description = Resume the actual running print
rename_existing = RESUME_BASE
variable_last_extruder_temp = {'restore': False, 'temp': 0}
variable_restore_idle_timeout = 0
variable_idle_state = False
gcode = 
	
	
	{% set extrude = printer['gcode_macro _TOOLHEAD_PARK_PAUSE_CANCEL'].extrude %}
	
	{% if 'VELOCITY' in params|upper %}
	{% set get_params = ('VELOCITY=' + params.VELOCITY)  %}
	{%else %}
	{% set get_params = "" %}
	{% endif %}
	
	{% if printer.extruder.can_extrude|lower == 'true' %}
	M83
	G1 E{extrude} F2100
	{% if printer.gcode_move.absolute_extrude |lower == 'true' %} M82 {% endif %}
	{% else %}
	{action_respond_info("Extruder not hot enough")}
	{% endif %}
	RESUME_BASE {get_params}

[gcode_macro SET_PAUSE_NEXT_LAYER]
description = Enable a pause if the next layer is reached
gcode = 
	{% set pause_next_layer = printer['gcode_macro SET_PRINT_STATS_INFO'].pause_next_layer %}
	{% set ENABLE = params.ENABLE|default(1)|int != 0 %}
	{% set MACRO = params.MACRO|default(pause_next_layer.call, True) %}
	SET_GCODE_VARIABLE MACRO=SET_PRINT_STATS_INFO VARIABLE=pause_next_layer VALUE="{{ 'enable': ENABLE, 'call': MACRO }}"

[gcode_macro SET_PAUSE_AT_LAYER]
description = Enable/disable a pause if a given layer number is reached
gcode = 
	{% set pause_at_layer = printer['gcode_macro SET_PRINT_STATS_INFO'].pause_at_layer %}
	{% set ENABLE = params.ENABLE|int != 0 if params.ENABLE is defined
	else params.LAYER is defined %}
	{% set LAYER = params.LAYER|default(pause_at_layer.layer)|int %}
	{% set MACRO = params.MACRO|default(pause_at_layer.call, True) %}
	SET_GCODE_VARIABLE MACRO=SET_PRINT_STATS_INFO VARIABLE=pause_at_layer VALUE="{{ 'enable': ENABLE, 'layer': LAYER, 'call': MACRO }}"

[gcode_macro SET_PRINT_STATS_INFO]
rename_existing = SET_PRINT_STATS_INFO_BASE
description = Overwrite, to get pause_next_layer and pause_at_layer feature
variable_pause_next_layer = { 'enable': False, 'call': "PAUSE" }
variable_pause_at_layer = { 'enable': False, 'layer': 0, 'call': "PAUSE" }
gcode = 
	{% if pause_next_layer.enable %}
	RESPOND TYPE=echo MSG='{"%s, forced by pause_next_layer" % pause_next_layer.call}'
	{pause_next_layer.call}
	SET_PAUSE_NEXT_LAYER ENABLE=0
	{% elif pause_at_layer.enable and params.CURRENT_LAYER is defined and params.CURRENT_LAYER|int == pause_at_layer.layer %}
	RESPOND TYPE=echo MSG='{"%s, forced by pause_at_layer [%d]" % (pause_at_layer.call, pause_at_layer.layer)}'
	{pause_at_layer.call}
	SET_PAUSE_AT_LAYER ENABLE=0
	{% endif %}
	SET_PRINT_STATS_INFO_BASE {rawparams}

[gcode_macro _TOOLHEAD_PARK_PAUSE_CANCEL]
description = Helper: park toolhead used in PAUSE and CANCEL_PRINT
gcode = 
	
	{% set client = printer['gcode_macro _CLIENT_VARIABLE']|default({}) %}
	{% set velocity = printer.configfile.settings.pause_resume.recover_velocity %}
	{% set use_custom     = client.use_custom_pos|default(false)|lower == 'true' %}
	{% set custom_park_x  = client.custom_park_x|default(0.0) %}
	{% set custom_park_y  = client.custom_park_y|default(0.0) %}
	{% set park_dz        = client.custom_park_dz|default(2.0)|abs %}
	{% set sp_hop         = client.speed_hop|default(15) * 60 %}
	{% set sp_move        = client.speed_move|default(velocity) * 60 %}
	
	{% set origin    = printer.gcode_move.homing_origin %}
	{% set act       = printer.gcode_move.gcode_position %}
	{% set max       = printer.toolhead.axis_maximum %}
	{% set cone      = printer.toolhead.cone_start_z|default(max.z) %}
	{% set round_bed = True if printer.configfile.settings.printer.kinematics is in ['delta','polar','rotary_delta','winch']
	else False %}
	
	{% set z_min = params.Z_MIN|default(0)|float %}
	{% set z_park = [[(act.z + park_dz), z_min]|max, (max.z - origin.z)]|min %}
	{% set x_park = params.X       if params.X is defined
	else custom_park_x  if use_custom
	else 0.0            if round_bed
	else (max.x - 5.0) %}
	{% set y_park = params.Y       if params.Y is defined
	else custom_park_y  if use_custom
	else (max.y - 5.0)  if round_bed and z_park < cone
	else 0.0            if round_bed
	else (max.y - 5.0) %}
	
	_CLIENT_RETRACT
	{% if "xyz" in printer.toolhead.homed_axes %}
	G90
	G1 Z{z_park} F{sp_hop}
	G1 X{x_park} Y{y_park} F{sp_move}
	{% if not printer.gcode_move.absolute_coordinates %} G91 {% endif %}
	{% else %}
	RESPOND TYPE=echo MSG='Printer not homed'
	{% endif %}

[gcode_macro _CLIENT_EXTRUDE]
description = Extrudes, if the extruder is hot enough
gcode = 
	
	{% set client = printer['gcode_macro _CLIENT_VARIABLE']|default({}) %}
	{% set use_fw_retract = (client.use_fw_retract|default(false)|lower == 'true') and (printer.firmware_retraction is defined) %}
	{% set length = params.LENGTH|default(client.unretract)|default(1.0)|float %}
	{% set speed = params.SPEED|default(client.speed_unretract)|default(35) %}
	{% set absolute_extrude = printer.gcode_move.absolute_extrude %}
	
	{% if printer.toolhead.extruder != '' %}
	{% if printer[printer.toolhead.extruder].can_extrude %}
	{% if use_fw_retract %}
	{% if length < 0 %}
	G10
	{% else %}
	G11
	{% endif %}
	{% else %}
	M83
	G1 E{length} F{(speed|float|abs) * 60}
	{% if absolute_extrude %}
	M82
	{% endif %}
	{% endif %}
	{% else %}
	RESPOND TYPE=echo MSG='{"\"%s\" not hot enough" % printer.toolhead.extruder}'
	{% endif %}
	{% endif %}

[gcode_macro _CLIENT_RETRACT]
description = Retracts, if the extruder is hot enough
gcode = 
	{% set client = printer['gcode_macro _CLIENT_VARIABLE']|default({}) %}
	{% set length = params.LENGTH|default(client.retract)|default(1.0)|float %}
	{% set speed = params.SPEED|default(client.speed_retract)|default(35) %}
	
	_CLIENT_EXTRUDE LENGTH=-{length|float|abs} SPEED={speed|float|abs}

[gcode_macro _CLIENT_LINEAR_MOVE]
description = Linear move with save and restore of the gcode state
gcode = 
	{% set x_move = "X" ~ params.X if params.X is defined else "" %}
	{% set y_move = "Y" ~ params.Y if params.Y is defined else "" %}
	{% set z_move = "Z" ~ params.Z if params.Z is defined else "" %}
	{% set e_move = "E" ~ params.E if params.E is defined else "" %}
	{% set rate = "F" ~ params.F if params.F is defined else "" %}
	{% set ABSOLUTE = params.ABSOLUTE | default(0) | int != 0 %}
	{% set ABSOLUTE_E = params.ABSOLUTE_E | default(0) | int != 0 %}
	SAVE_GCODE_STATE NAME=_client_movement
	{% if x_move or y_move or z_move %}
	G9{ 0 if ABSOLUTE else 1 }
	{% endif %}
	{% if e_move %}
	M8{ 2 if ABSOLUTE_E else 3 }
	{% endif %}
	G1 { x_move } { y_move } { z_move } { e_move } { rate }
	RESTORE_GCODE_STATE NAME=_client_movement

[mcu]
serial = /dev/serial/by-path/platform-xhci-hcd.1-usb-0:2.4.3:1.0-port0

[exclude_object]

[stepper_x]
step_pin = PD7
dir_pin = PC5
enable_pin = !PD6
microsteps = 16
rotation_distance = 32
endstop_pin = ^!PC2
position_endstop = -30
position_max = 220
position_min = -30
homing_speed = 50

[stepper_y]
step_pin = PC6
dir_pin = PC7
enable_pin = !PD6
microsteps = 16
rotation_distance = 32
endstop_pin = ^!PC3
position_endstop = -8
position_min = -8
position_max = 220
homing_speed = 50

[stepper_z]
step_pin = PB3
dir_pin = !PB2
enable_pin = !PA5
microsteps = 16
rotation_distance = 8
endstop_pin = ^!PC4
position_endstop = 0.5
position_max = 240
homing_speed = 20

[extruder]
step_pin = PB1
dir_pin = PB0
enable_pin = !PD6
microsteps = 16
rotation_distance = 33.600
nozzle_diameter = 0.400
filament_diameter = 1.750
heater_pin = PD5
sensor_type = ATC Semitec 104GT-2
sensor_pin = PA7
control = pid
pid_kp = 2.151492
pid_ki = 0.633897
pid_kd = 230.042965
min_temp = 0
max_temp = 250

[heater_bed]
heater_pin = PD4
sensor_type = ATC Semitec 104GT-2
sensor_pin = PA6
control = watermark
min_temp = 0
max_temp = 130

[fan]
pin = PB4

[printer]
kinematics = cartesian
max_velocity = 300
max_accel = 1000
max_z_velocity = 20
max_z_accel = 100

[display]
lcd_type = hd44780
rs_pin = PA3
e_pin = PA2
d4_pin = PD2
d5_pin = PD3
d6_pin = PC0
d7_pin = PC1
up_pin = PA1
analog_range_up_pin = 9000, 13000
down_pin = PA1
analog_range_down_pin = 800, 1300
click_pin = PA1
analog_range_click_pin = 2000, 2500
back_pin = PA1
analog_range_back_pin = 4500, 5000
=======================
Extruder max_extrude_ratio=0.266081
mcu 'mcu': Starting serial connect
webhooks client 4120317600: New connection
webhooks client 4120317600: Client info {'program': 'Moonraker', 'version': 'v0.10.0-9-g3fbe6ee'}
mcu 'mcu': got {'oid': 11, 'next_clock': 433760000, 'value': 7958, '#name': 'analog_in_state', '#sent_time': 39.491109902, '#receive_time': 39.512263846}
mcu 'mcu': got {'oid': 11, 'next_clock': 438560000, 'value': 7957, '#name': 'analog_in_state', '#sent_time': 39.763647217, '#receive_time': 39.814671402}
Loaded MCU 'mcu' 121 commands (v0.13.0-119-g17b8ce4c6 / gcc: (GCC) 5.4.0 binutils: (GNU Binutils) 2.26.20160125)
MCU 'mcu' config: ADC_MAX=1023 BUS_PINS_spi=PB6,PB5,PB7 BUS_PINS_twi=PC0,PC1 CLOCK_FREQ=16000000 MCU=atmega1284p PWM_MAX=255 RECEIVE_WINDOW=192 RESERVE_PINS_serial=PD0,PD1 SERIAL_BAUD=250000 STATS_SUMSQ_BASE=256 STEPPER_OPTIMIZED_UNSTEP=40 STEPPER_STEP_BOTH_EDGE=1
Protocol error
Traceback (most recent call last):
  File "/home/pi/klipper/klippy/msgproto.py", line 335, in create_command
    t = mp.name_to_type[name]
        ~~~~~~~~~~~~~~~^^^^^^
KeyError: 'bytes_per_report'

During handling of the above exception, another exception occurred:

Traceback (most recent call last):
  File "/home/pi/klipper/klippy/klippy.py", line 135, in _connect
    cb()
    ~~^^
  File "/home/pi/klipper/klippy/mcu.py", line 1047, in _connect
    self._send_config(config_params['crc'])
    ~~~~~~~~~~~~~~~~~^^^^^^^^^^^^^^^^^^^^^^
  File "/home/pi/klipper/klippy/mcu.py", line 1008, in _send_config
    self._serial.send(c)
    ~~~~~~~~~~~~~~~~~^^^
  File "/home/pi/klipper/klippy/serialhdl.py", line 266, in send
    cmd = self.msgparser.create_command(msg)
  File "/home/pi/klipper/klippy/msgproto.py", line 347, in create_command
    self._error("Unable to extract params from: %s", msgname)
    ~~~~~~~~~~~^^^^^^^^^^^^^^^^^^^^^^^^^^^^^^^^^^^^^^^^^^^^^^
  File "/home/pi/klipper/klippy/msgproto.py", line 242, in _error
    raise error(self.warn_prefix + (msg % params))
msgproto.error: mcu 'mcu': Unable to extract params from: query_analog_in
MCU Protocol error

This is frequently caused by running an older version of the
firmware on the MCU(s). Fix by recompiling and flashing the
firmware.

Your Klipper version is: v0.13.0-557-g54c7b65d
MCU(s) which should be updated:
mcu: Current version v0.13.0-119-g17b8ce4c6
Up-to-date MCU(s):
<none>

Once the underlying issue is corrected, use the "RESTART"
command to reload the config and restart the host software.

mcu 'mcu': Unable to extract params from: query_analog_in
Build file /home/pi/klipper/klippy/../.config(2155): Sat Feb 21 16:07:49 2026
========= Last MCU build config =========
CONFIG_LOW_LEVEL_OPTIONS=y
CONFIG_MACH_AVR=y
# CONFIG_MACH_ATSAM is not set
# CONFIG_MACH_ATSAMD is not set
# CONFIG_MACH_LPC176X is not set
# CONFIG_MACH_STM32 is not set
# CONFIG_MACH_HC32F460 is not set
# CONFIG_MACH_RPXXXX is not set
# CONFIG_MACH_PRU is not set
# CONFIG_MACH_AR100 is not set
# CONFIG_MACH_LINUX is not set
# CONFIG_MACH_SIMU is not set
CONFIG_AVR_SELECT=y
CONFIG_BOARD_DIRECTORY="avr"
# CONFIG_MACH_atmega2560 is not set
# CONFIG_MACH_atmega1280 is not set
# CONFIG_MACH_at90usb1286 is not set
# CONFIG_MACH_at90usb646 is not set
# CONFIG_MACH_atmega32u4 is not set
CONFIG_MACH_atmega1284p=y
# CONFIG_MACH_atmega644p is not set
# CONFIG_MACH_atmega328p is not set
# CONFIG_MACH_atmega328 is not set
# CONFIG_MACH_atmega168 is not set
# CONFIG_MACH_lgt8f328p is not set
CONFIG_MCU="atmega1284p"
CONFIG_AVR_BUILD_MCU="atmega1284p"
CONFIG_AVRDUDE_PROTOCOL="arduino"
CONFIG_AVR_FREQ_16000000=y
# CONFIG_AVR_FREQ_20000000 is not set
# CONFIG_AVR_FREQ_8000000 is not set
CONFIG_CLOCK_FREQ=16000000
CONFIG_AVR_CLKPR=-1
CONFIG_AVR_STACK_SIZE=256
CONFIG_AVR_WATCHDOG=y
CONFIG_SERIAL=y
CONFIG_AVR_SERIAL_UART0=y
# CONFIG_AVR_SERIAL_UART1 is not set
CONFIG_SERIAL_BAUD_U2X=y
CONFIG_SERIAL_PORT=0
# CONFIG_SIMULAVR is not set
CONFIG_SERIAL_BAUD=57600
CONFIG_USB_VENDOR_ID=0x1d50
CONFIG_USB_DEVICE_ID=0x614e
CONFIG_USB_SERIAL_NUMBER="12345"
CONFIG_WANT_ADC=y
CONFIG_WANT_SPI=y
CONFIG_WANT_SOFTWARE_SPI=y
CONFIG_WANT_I2C=y
CONFIG_WANT_SOFTWARE_I2C=y
CONFIG_WANT_HARD_PWM=y
CONFIG_WANT_BUTTONS=y
CONFIG_WANT_TMCUART=y
CONFIG_WANT_NEOPIXEL=y
CONFIG_WANT_PULSE_COUNTER=y
CONFIG_WANT_ST7920=y
CONFIG_WANT_HD44780=y
CONFIG_WANT_ADXL345=y
CONFIG_WANT_LIS2DW=y
CONFIG_WANT_BMI160=y
CONFIG_WANT_MPU9250=y
CONFIG_WANT_ICM20948=y
CONFIG_WANT_THERMOCOUPLE=y
CONFIG_WANT_HX71X=y
CONFIG_WANT_ADS1220=y
CONFIG_WANT_LDC1612=y
CONFIG_WANT_SENSOR_ANGLE=y
CONFIG_NEED_SENSOR_BULK=y
CONFIG_WANT_TRIGGER_ANALOG=y
CONFIG_NEED_SOS_FILTER=y
CONFIG_CANBUS_FREQUENCY=1000000
CONFIG_INLINE_STEPPER_HACK=y
CONFIG_INITIAL_PINS=""
CONFIG_HAVE_GPIO=y
CONFIG_HAVE_GPIO_ADC=y
CONFIG_HAVE_GPIO_SPI=y
CONFIG_HAVE_GPIO_I2C=y
CONFIG_HAVE_GPIO_HARD_PWM=y
CONFIG_HAVE_STRICT_TIMING=y
=======================
Build file /home/pi/klipper/klippy/../out/klipper.dict(9601): Sat Feb 21 16:07:54 2026
Last MCU build version: v0.13.0-541-g187481e2
Last MCU build tools: gcc: (GCC) 14.2.0 binutils: (GNU Binutils) 2.44
Last MCU build config: ADC_MAX=1023 BUS_PINS_spi=PB6,PB5,PB7 BUS_PINS_twi=PC0,PC1 CLOCK_FREQ=16000000 MCU=atmega1284p PWM_MAX=255 RECEIVE_WINDOW=192 RESERVE_PINS_serial=PD0,PD1 SERIAL_BAUD=57600 STATS_SUMSQ_BASE=256 STEPPER_OPTIMIZED_UNSTEP=40 STEPPER_STEP_BOTH_EDGE=1
Build file /home/pi/klipper/klippy/../out/klipper.elf(1554628): Sat Feb 21 16:07:55 2026
Attempting MCU 'mcu' reset
webhooks client 4120317600: Disconnected
Restarting printer
Start printer at Fri Feb 27 14:34:54 2026 (1772199294.0 70.2)
===== Config file =====
[display_status]

[virtual_sdcard]
path = /home/pi/printer_ANET1_data/gcodes
on_error_gcode = CANCEL_PRINT

[pause_resume]

[respond]

[gcode_macro CANCEL_PRINT]
description = Cancel the actual running print
rename_existing = CANCEL_PRINT_BASE
gcode = 
	
	
	{% if printer.pause_resume.is_paused|lower == 'false' and park|lower == 'true'%}
	_TOOLHEAD_PARK_PAUSE_CANCEL
	{% endif %}
	
	
	
	TURN_OFF_HEATERS
	CANCEL_PRINT_BASE
variable_park = True

[gcode_macro PAUSE]
description = Pause the actual running print
rename_existing = PAUSE_BASE
gcode = 
	PAUSE_BASE
	_TOOLHEAD_PARK_PAUSE_CANCEL

[gcode_macro RESUME]
description = Resume the actual running print
rename_existing = RESUME_BASE
variable_last_extruder_temp = {'restore': False, 'temp': 0}
variable_restore_idle_timeout = 0
variable_idle_state = False
gcode = 
	
	
	{% set extrude = printer['gcode_macro _TOOLHEAD_PARK_PAUSE_CANCEL'].extrude %}
	
	{% if 'VELOCITY' in params|upper %}
	{% set get_params = ('VELOCITY=' + params.VELOCITY)  %}
	{%else %}
	{% set get_params = "" %}
	{% endif %}
	
	{% if printer.extruder.can_extrude|lower == 'true' %}
	M83
	G1 E{extrude} F2100
	{% if printer.gcode_move.absolute_extrude |lower == 'true' %} M82 {% endif %}
	{% else %}
	{action_respond_info("Extruder not hot enough")}
	{% endif %}
	RESUME_BASE {get_params}

[gcode_macro SET_PAUSE_NEXT_LAYER]
description = Enable a pause if the next layer is reached
gcode = 
	{% set pause_next_layer = printer['gcode_macro SET_PRINT_STATS_INFO'].pause_next_layer %}
	{% set ENABLE = params.ENABLE|default(1)|int != 0 %}
	{% set MACRO = params.MACRO|default(pause_next_layer.call, True) %}
	SET_GCODE_VARIABLE MACRO=SET_PRINT_STATS_INFO VARIABLE=pause_next_layer VALUE="{{ 'enable': ENABLE, 'call': MACRO }}"

[gcode_macro SET_PAUSE_AT_LAYER]
description = Enable/disable a pause if a given layer number is reached
gcode = 
	{% set pause_at_layer = printer['gcode_macro SET_PRINT_STATS_INFO'].pause_at_layer %}
	{% set ENABLE = params.ENABLE|int != 0 if params.ENABLE is defined
	else params.LAYER is defined %}
	{% set LAYER = params.LAYER|default(pause_at_layer.layer)|int %}
	{% set MACRO = params.MACRO|default(pause_at_layer.call, True) %}
	SET_GCODE_VARIABLE MACRO=SET_PRINT_STATS_INFO VARIABLE=pause_at_layer VALUE="{{ 'enable': ENABLE, 'layer': LAYER, 'call': MACRO }}"

[gcode_macro SET_PRINT_STATS_INFO]
rename_existing = SET_PRINT_STATS_INFO_BASE
description = Overwrite, to get pause_next_layer and pause_at_layer feature
variable_pause_next_layer = { 'enable': False, 'call': "PAUSE" }
variable_pause_at_layer = { 'enable': False, 'layer': 0, 'call': "PAUSE" }
gcode = 
	{% if pause_next_layer.enable %}
	RESPOND TYPE=echo MSG='{"%s, forced by pause_next_layer" % pause_next_layer.call}'
	{pause_next_layer.call}
	SET_PAUSE_NEXT_LAYER ENABLE=0
	{% elif pause_at_layer.enable and params.CURRENT_LAYER is defined and params.CURRENT_LAYER|int == pause_at_layer.layer %}
	RESPOND TYPE=echo MSG='{"%s, forced by pause_at_layer [%d]" % (pause_at_layer.call, pause_at_layer.layer)}'
	{pause_at_layer.call}
	SET_PAUSE_AT_LAYER ENABLE=0
	{% endif %}
	SET_PRINT_STATS_INFO_BASE {rawparams}

[gcode_macro _TOOLHEAD_PARK_PAUSE_CANCEL]
description = Helper: park toolhead used in PAUSE and CANCEL_PRINT
gcode = 
	
	{% set client = printer['gcode_macro _CLIENT_VARIABLE']|default({}) %}
	{% set velocity = printer.configfile.settings.pause_resume.recover_velocity %}
	{% set use_custom     = client.use_custom_pos|default(false)|lower == 'true' %}
	{% set custom_park_x  = client.custom_park_x|default(0.0) %}
	{% set custom_park_y  = client.custom_park_y|default(0.0) %}
	{% set park_dz        = client.custom_park_dz|default(2.0)|abs %}
	{% set sp_hop         = client.speed_hop|default(15) * 60 %}
	{% set sp_move        = client.speed_move|default(velocity) * 60 %}
	
	{% set origin    = printer.gcode_move.homing_origin %}
	{% set act       = printer.gcode_move.gcode_position %}
	{% set max       = printer.toolhead.axis_maximum %}
	{% set cone      = printer.toolhead.cone_start_z|default(max.z) %}
	{% set round_bed = True if printer.configfile.settings.printer.kinematics is in ['delta','polar','rotary_delta','winch']
	else False %}
	
	{% set z_min = params.Z_MIN|default(0)|float %}
	{% set z_park = [[(act.z + park_dz), z_min]|max, (max.z - origin.z)]|min %}
	{% set x_park = params.X       if params.X is defined
	else custom_park_x  if use_custom
	else 0.0            if round_bed
	else (max.x - 5.0) %}
	{% set y_park = params.Y       if params.Y is defined
	else custom_park_y  if use_custom
	else (max.y - 5.0)  if round_bed and z_park < cone
	else 0.0            if round_bed
	else (max.y - 5.0) %}
	
	_CLIENT_RETRACT
	{% if "xyz" in printer.toolhead.homed_axes %}
	G90
	G1 Z{z_park} F{sp_hop}
	G1 X{x_park} Y{y_park} F{sp_move}
	{% if not printer.gcode_move.absolute_coordinates %} G91 {% endif %}
	{% else %}
	RESPOND TYPE=echo MSG='Printer not homed'
	{% endif %}

[gcode_macro _CLIENT_EXTRUDE]
description = Extrudes, if the extruder is hot enough
gcode = 
	
	{% set client = printer['gcode_macro _CLIENT_VARIABLE']|default({}) %}
	{% set use_fw_retract = (client.use_fw_retract|default(false)|lower == 'true') and (printer.firmware_retraction is defined) %}
	{% set length = params.LENGTH|default(client.unretract)|default(1.0)|float %}
	{% set speed = params.SPEED|default(client.speed_unretract)|default(35) %}
	{% set absolute_extrude = printer.gcode_move.absolute_extrude %}
	
	{% if printer.toolhead.extruder != '' %}
	{% if printer[printer.toolhead.extruder].can_extrude %}
	{% if use_fw_retract %}
	{% if length < 0 %}
	G10
	{% else %}
	G11
	{% endif %}
	{% else %}
	M83
	G1 E{length} F{(speed|float|abs) * 60}
	{% if absolute_extrude %}
	M82
	{% endif %}
	{% endif %}
	{% else %}
	RESPOND TYPE=echo MSG='{"\"%s\" not hot enough" % printer.toolhead.extruder}'
	{% endif %}
	{% endif %}

[gcode_macro _CLIENT_RETRACT]
description = Retracts, if the extruder is hot enough
gcode = 
	{% set client = printer['gcode_macro _CLIENT_VARIABLE']|default({}) %}
	{% set length = params.LENGTH|default(client.retract)|default(1.0)|float %}
	{% set speed = params.SPEED|default(client.speed_retract)|default(35) %}
	
	_CLIENT_EXTRUDE LENGTH=-{length|float|abs} SPEED={speed|float|abs}

[gcode_macro _CLIENT_LINEAR_MOVE]
description = Linear move with save and restore of the gcode state
gcode = 
	{% set x_move = "X" ~ params.X if params.X is defined else "" %}
	{% set y_move = "Y" ~ params.Y if params.Y is defined else "" %}
	{% set z_move = "Z" ~ params.Z if params.Z is defined else "" %}
	{% set e_move = "E" ~ params.E if params.E is defined else "" %}
	{% set rate = "F" ~ params.F if params.F is defined else "" %}
	{% set ABSOLUTE = params.ABSOLUTE | default(0) | int != 0 %}
	{% set ABSOLUTE_E = params.ABSOLUTE_E | default(0) | int != 0 %}
	SAVE_GCODE_STATE NAME=_client_movement
	{% if x_move or y_move or z_move %}
	G9{ 0 if ABSOLUTE else 1 }
	{% endif %}
	{% if e_move %}
	M8{ 2 if ABSOLUTE_E else 3 }
	{% endif %}
	G1 { x_move } { y_move } { z_move } { e_move } { rate }
	RESTORE_GCODE_STATE NAME=_client_movement

[mcu]
serial = /dev/serial/by-path/platform-xhci-hcd.1-usb-0:2.4.3:1.0-port0

[exclude_object]

[stepper_x]
step_pin = PD7
dir_pin = PC5
enable_pin = !PD6
microsteps = 16
rotation_distance = 32
endstop_pin = ^!PC2
position_endstop = -30
position_max = 220
position_min = -30
homing_speed = 50

[stepper_y]
step_pin = PC6
dir_pin = PC7
enable_pin = !PD6
microsteps = 16
rotation_distance = 32
endstop_pin = ^!PC3
position_endstop = -8
position_min = -8
position_max = 220
homing_speed = 50

[stepper_z]
step_pin = PB3
dir_pin = !PB2
enable_pin = !PA5
microsteps = 16
rotation_distance = 8
endstop_pin = ^!PC4
position_endstop = 0.5
position_max = 240
homing_speed = 20

[extruder]
step_pin = PB1
dir_pin = PB0
enable_pin = !PD6
microsteps = 16
rotation_distance = 33.600
nozzle_diameter = 0.400
filament_diameter = 1.750
heater_pin = PD5
sensor_type = ATC Semitec 104GT-2
sensor_pin = PA7
control = pid
pid_kp = 2.151492
pid_ki = 0.633897
pid_kd = 230.042965
min_temp = 0
max_temp = 250

[heater_bed]
heater_pin = PD4
sensor_type = ATC Semitec 104GT-2
sensor_pin = PA6
control = watermark
min_temp = 0
max_temp = 130

[fan]
pin = PB4

[printer]
kinematics = cartesian
max_velocity = 300
max_accel = 1000
max_z_velocity = 20
max_z_accel = 100

[display]
lcd_type = hd44780
rs_pin = PA3
e_pin = PA2
d4_pin = PD2
d5_pin = PD3
d6_pin = PC0
d7_pin = PC1
up_pin = PA1
analog_range_up_pin = 9000, 13000
down_pin = PA1
analog_range_down_pin = 800, 1300
click_pin = PA1
analog_range_click_pin = 2000, 2500
back_pin = PA1
analog_range_back_pin = 4500, 5000
=======================
Extruder max_extrude_ratio=0.266081
mcu 'mcu': Starting serial connect
webhooks client 4066914856: New connection
webhooks client 4066914856: Client info {'program': 'Moonraker', 'version': 'v0.10.0-9-g3fbe6ee'}
Loaded MCU 'mcu' 121 commands (v0.13.0-119-g17b8ce4c6 / gcc: (GCC) 5.4.0 binutils: (GNU Binutils) 2.26.20160125)
MCU 'mcu' config: ADC_MAX=1023 BUS_PINS_spi=PB6,PB5,PB7 BUS_PINS_twi=PC0,PC1 CLOCK_FREQ=16000000 MCU=atmega1284p PWM_MAX=255 RECEIVE_WINDOW=192 RESERVE_PINS_serial=PD0,PD1 SERIAL_BAUD=250000 STATS_SUMSQ_BASE=256 STEPPER_OPTIMIZED_UNSTEP=40 STEPPER_STEP_BOTH_EDGE=1
Sending MCU 'mcu' printer configuration...
Protocol error
Traceback (most recent call last):
  File "/home/pi/klipper/klippy/msgproto.py", line 335, in create_command
    t = mp.name_to_type[name]
        ~~~~~~~~~~~~~~~^^^^^^
KeyError: 'bytes_per_report'

During handling of the above exception, another exception occurred:

Traceback (most recent call last):
  File "/home/pi/klipper/klippy/klippy.py", line 135, in _connect
    cb()
    ~~^^
  File "/home/pi/klipper/klippy/mcu.py", line 1037, in _connect
    self._send_config(None)
    ~~~~~~~~~~~~~~~~~^^^^^^
  File "/home/pi/klipper/klippy/mcu.py", line 1008, in _send_config
    self._serial.send(c)
    ~~~~~~~~~~~~~~~~~^^^
  File "/home/pi/klipper/klippy/serialhdl.py", line 266, in send
    cmd = self.msgparser.create_command(msg)
  File "/home/pi/klipper/klippy/msgproto.py", line 347, in create_command
    self._error("Unable to extract params from: %s", msgname)
    ~~~~~~~~~~~^^^^^^^^^^^^^^^^^^^^^^^^^^^^^^^^^^^^^^^^^^^^^^
  File "/home/pi/klipper/klippy/msgproto.py", line 242, in _error
    raise error(self.warn_prefix + (msg % params))
msgproto.error: mcu 'mcu': Unable to extract params from: query_analog_in
MCU Protocol error

This is frequently caused by running an older version of the
firmware on the MCU(s). Fix by recompiling and flashing the
firmware.

Your Klipper version is: v0.13.0-557-g54c7b65d
MCU(s) which should be updated:
mcu: Current version v0.13.0-119-g17b8ce4c6
Up-to-date MCU(s):
<none>

Once the underlying issue is corrected, use the "RESTART"
command to reload the config and restart the host software.

mcu 'mcu': Unable to extract params from: query_analog_in
Build file /home/pi/klipper/klippy/../.config(2155): Sat Feb 21 16:07:49 2026
========= Last MCU build config =========
CONFIG_LOW_LEVEL_OPTIONS=y
CONFIG_MACH_AVR=y
# CONFIG_MACH_ATSAM is not set
# CONFIG_MACH_ATSAMD is not set
# CONFIG_MACH_LPC176X is not set
# CONFIG_MACH_STM32 is not set
# CONFIG_MACH_HC32F460 is not set
# CONFIG_MACH_RPXXXX is not set
# CONFIG_MACH_PRU is not set
# CONFIG_MACH_AR100 is not set
# CONFIG_MACH_LINUX is not set
# CONFIG_MACH_SIMU is not set
CONFIG_AVR_SELECT=y
CONFIG_BOARD_DIRECTORY="avr"
# CONFIG_MACH_atmega2560 is not set
# CONFIG_MACH_atmega1280 is not set
# CONFIG_MACH_at90usb1286 is not set
# CONFIG_MACH_at90usb646 is not set
# CONFIG_MACH_atmega32u4 is not set
CONFIG_MACH_atmega1284p=y
# CONFIG_MACH_atmega644p is not set
# CONFIG_MACH_atmega328p is not set
# CONFIG_MACH_atmega328 is not set
# CONFIG_MACH_atmega168 is not set
# CONFIG_MACH_lgt8f328p is not set
CONFIG_MCU="atmega1284p"
CONFIG_AVR_BUILD_MCU="atmega1284p"
CONFIG_AVRDUDE_PROTOCOL="arduino"
CONFIG_AVR_FREQ_16000000=y
# CONFIG_AVR_FREQ_20000000 is not set
# CONFIG_AVR_FREQ_8000000 is not set
CONFIG_CLOCK_FREQ=16000000
CONFIG_AVR_CLKPR=-1
CONFIG_AVR_STACK_SIZE=256
CONFIG_AVR_WATCHDOG=y
CONFIG_SERIAL=y
CONFIG_AVR_SERIAL_UART0=y
# CONFIG_AVR_SERIAL_UART1 is not set
CONFIG_SERIAL_BAUD_U2X=y
CONFIG_SERIAL_PORT=0
# CONFIG_SIMULAVR is not set
CONFIG_SERIAL_BAUD=57600
CONFIG_USB_VENDOR_ID=0x1d50
CONFIG_USB_DEVICE_ID=0x614e
CONFIG_USB_SERIAL_NUMBER="12345"
CONFIG_WANT_ADC=y
CONFIG_WANT_SPI=y
CONFIG_WANT_SOFTWARE_SPI=y
CONFIG_WANT_I2C=y
CONFIG_WANT_SOFTWARE_I2C=y
CONFIG_WANT_HARD_PWM=y
CONFIG_WANT_BUTTONS=y
CONFIG_WANT_TMCUART=y
CONFIG_WANT_NEOPIXEL=y
CONFIG_WANT_PULSE_COUNTER=y
CONFIG_WANT_ST7920=y
CONFIG_WANT_HD44780=y
CONFIG_WANT_ADXL345=y
CONFIG_WANT_LIS2DW=y
CONFIG_WANT_BMI160=y
CONFIG_WANT_MPU9250=y
CONFIG_WANT_ICM20948=y
CONFIG_WANT_THERMOCOUPLE=y
CONFIG_WANT_HX71X=y
CONFIG_WANT_ADS1220=y
CONFIG_WANT_LDC1612=y
CONFIG_WANT_SENSOR_ANGLE=y
CONFIG_NEED_SENSOR_BULK=y
CONFIG_WANT_TRIGGER_ANALOG=y
CONFIG_NEED_SOS_FILTER=y
CONFIG_CANBUS_FREQUENCY=1000000
CONFIG_INLINE_STEPPER_HACK=y
CONFIG_INITIAL_PINS=""
CONFIG_HAVE_GPIO=y
CONFIG_HAVE_GPIO_ADC=y
CONFIG_HAVE_GPIO_SPI=y
CONFIG_HAVE_GPIO_I2C=y
CONFIG_HAVE_GPIO_HARD_PWM=y
CONFIG_HAVE_STRICT_TIMING=y
=======================
Build file /home/pi/klipper/klippy/../out/klipper.dict(9601): Sat Feb 21 16:07:54 2026
Last MCU build version: v0.13.0-541-g187481e2
Last MCU build tools: gcc: (GCC) 14.2.0 binutils: (GNU Binutils) 2.44
Last MCU build config: ADC_MAX=1023 BUS_PINS_spi=PB6,PB5,PB7 BUS_PINS_twi=PC0,PC1 CLOCK_FREQ=16000000 MCU=atmega1284p PWM_MAX=255 RECEIVE_WINDOW=192 RESERVE_PINS_serial=PD0,PD1 SERIAL_BAUD=57600 STATS_SUMSQ_BASE=256 STEPPER_OPTIMIZED_UNSTEP=40 STEPPER_STEP_BOTH_EDGE=1
Build file /home/pi/klipper/klippy/../out/klipper.elf(1554628): Sat Feb 21 16:07:55 2026
Starting Klippy...
Args: ['/home/pi/klipper/klippy/klippy.py', '/home/pi/printer_ANET1_data/config/printer.cfg', '-I', '/home/pi/printer_ANET1_data/comms/klippy.serial', '-l', '/home/pi/printer_ANET1_data/logs/klippy.log', '-a', '/home/pi/printer_ANET1_data/comms/klippy.sock']
Git version: 'v0.13.0-557-g54c7b65d'
Branch: master
Remote: origin
Tracked URL: https://github.com/Klipper3d/klipper
CPU: 4 core ?
Device: Raspberry Pi 5 Model B Rev 1.0
Linux: Linux version 6.12.62+rpt-rpi-v8 (serge@raspberrypi.com) (aarch64-linux-gnu-gcc-14 (Debian 14.2.0-19) 14.2.0, GNU ld (GNU Binutils for Debian) 2.44) #1 SMP PREEMPT Debian 1:6.12.62-1+rpt1 (2025-12-18)
Python: '3.13.5 (main, Jun 25 2025, 18:55:22) [GCC 14.2.0]'
Start printer at Fri Feb 27 14:35:24 2026 (1772199324.4 13.3)
===== Config file =====
[display_status]

[virtual_sdcard]
path = /home/pi/printer_ANET1_data/gcodes
on_error_gcode = CANCEL_PRINT

[pause_resume]

[respond]

[gcode_macro CANCEL_PRINT]
description = Cancel the actual running print
rename_existing = CANCEL_PRINT_BASE
gcode = 
	
	
	{% if printer.pause_resume.is_paused|lower == 'false' and park|lower == 'true'%}
	_TOOLHEAD_PARK_PAUSE_CANCEL
	{% endif %}
	
	
	
	TURN_OFF_HEATERS
	CANCEL_PRINT_BASE
variable_park = True

[gcode_macro PAUSE]
description = Pause the actual running print
rename_existing = PAUSE_BASE
gcode = 
	PAUSE_BASE
	_TOOLHEAD_PARK_PAUSE_CANCEL

[gcode_macro RESUME]
description = Resume the actual running print
rename_existing = RESUME_BASE
variable_last_extruder_temp = {'restore': False, 'temp': 0}
variable_restore_idle_timeout = 0
variable_idle_state = False
gcode = 
	
	
	{% set extrude = printer['gcode_macro _TOOLHEAD_PARK_PAUSE_CANCEL'].extrude %}
	
	{% if 'VELOCITY' in params|upper %}
	{% set get_params = ('VELOCITY=' + params.VELOCITY)  %}
	{%else %}
	{% set get_params = "" %}
	{% endif %}
	
	{% if printer.extruder.can_extrude|lower == 'true' %}
	M83
	G1 E{extrude} F2100
	{% if printer.gcode_move.absolute_extrude |lower == 'true' %} M82 {% endif %}
	{% else %}
	{action_respond_info("Extruder not hot enough")}
	{% endif %}
	RESUME_BASE {get_params}

[gcode_macro SET_PAUSE_NEXT_LAYER]
description = Enable a pause if the next layer is reached
gcode = 
	{% set pause_next_layer = printer['gcode_macro SET_PRINT_STATS_INFO'].pause_next_layer %}
	{% set ENABLE = params.ENABLE|default(1)|int != 0 %}
	{% set MACRO = params.MACRO|default(pause_next_layer.call, True) %}
	SET_GCODE_VARIABLE MACRO=SET_PRINT_STATS_INFO VARIABLE=pause_next_layer VALUE="{{ 'enable': ENABLE, 'call': MACRO }}"

[gcode_macro SET_PAUSE_AT_LAYER]
description = Enable/disable a pause if a given layer number is reached
gcode = 
	{% set pause_at_layer = printer['gcode_macro SET_PRINT_STATS_INFO'].pause_at_layer %}
	{% set ENABLE = params.ENABLE|int != 0 if params.ENABLE is defined
	else params.LAYER is defined %}
	{% set LAYER = params.LAYER|default(pause_at_layer.layer)|int %}
	{% set MACRO = params.MACRO|default(pause_at_layer.call, True) %}
	SET_GCODE_VARIABLE MACRO=SET_PRINT_STATS_INFO VARIABLE=pause_at_layer VALUE="{{ 'enable': ENABLE, 'layer': LAYER, 'call': MACRO }}"

[gcode_macro SET_PRINT_STATS_INFO]
rename_existing = SET_PRINT_STATS_INFO_BASE
description = Overwrite, to get pause_next_layer and pause_at_layer feature
variable_pause_next_layer = { 'enable': False, 'call': "PAUSE" }
variable_pause_at_layer = { 'enable': False, 'layer': 0, 'call': "PAUSE" }
gcode = 
	{% if pause_next_layer.enable %}
	RESPOND TYPE=echo MSG='{"%s, forced by pause_next_layer" % pause_next_layer.call}'
	{pause_next_layer.call}
	SET_PAUSE_NEXT_LAYER ENABLE=0
	{% elif pause_at_layer.enable and params.CURRENT_LAYER is defined and params.CURRENT_LAYER|int == pause_at_layer.layer %}
	RESPOND TYPE=echo MSG='{"%s, forced by pause_at_layer [%d]" % (pause_at_layer.call, pause_at_layer.layer)}'
	{pause_at_layer.call}
	SET_PAUSE_AT_LAYER ENABLE=0
	{% endif %}
	SET_PRINT_STATS_INFO_BASE {rawparams}

[gcode_macro _TOOLHEAD_PARK_PAUSE_CANCEL]
description = Helper: park toolhead used in PAUSE and CANCEL_PRINT
gcode = 
	
	{% set client = printer['gcode_macro _CLIENT_VARIABLE']|default({}) %}
	{% set velocity = printer.configfile.settings.pause_resume.recover_velocity %}
	{% set use_custom     = client.use_custom_pos|default(false)|lower == 'true' %}
	{% set custom_park_x  = client.custom_park_x|default(0.0) %}
	{% set custom_park_y  = client.custom_park_y|default(0.0) %}
	{% set park_dz        = client.custom_park_dz|default(2.0)|abs %}
	{% set sp_hop         = client.speed_hop|default(15) * 60 %}
	{% set sp_move        = client.speed_move|default(velocity) * 60 %}
	
	{% set origin    = printer.gcode_move.homing_origin %}
	{% set act       = printer.gcode_move.gcode_position %}
	{% set max       = printer.toolhead.axis_maximum %}
	{% set cone      = printer.toolhead.cone_start_z|default(max.z) %}
	{% set round_bed = True if printer.configfile.settings.printer.kinematics is in ['delta','polar','rotary_delta','winch']
	else False %}
	
	{% set z_min = params.Z_MIN|default(0)|float %}
	{% set z_park = [[(act.z + park_dz), z_min]|max, (max.z - origin.z)]|min %}
	{% set x_park = params.X       if params.X is defined
	else custom_park_x  if use_custom
	else 0.0            if round_bed
	else (max.x - 5.0) %}
	{% set y_park = params.Y       if params.Y is defined
	else custom_park_y  if use_custom
	else (max.y - 5.0)  if round_bed and z_park < cone
	else 0.0            if round_bed
	else (max.y - 5.0) %}
	
	_CLIENT_RETRACT
	{% if "xyz" in printer.toolhead.homed_axes %}
	G90
	G1 Z{z_park} F{sp_hop}
	G1 X{x_park} Y{y_park} F{sp_move}
	{% if not printer.gcode_move.absolute_coordinates %} G91 {% endif %}
	{% else %}
	RESPOND TYPE=echo MSG='Printer not homed'
	{% endif %}

[gcode_macro _CLIENT_EXTRUDE]
description = Extrudes, if the extruder is hot enough
gcode = 
	
	{% set client = printer['gcode_macro _CLIENT_VARIABLE']|default({}) %}
	{% set use_fw_retract = (client.use_fw_retract|default(false)|lower == 'true') and (printer.firmware_retraction is defined) %}
	{% set length = params.LENGTH|default(client.unretract)|default(1.0)|float %}
	{% set speed = params.SPEED|default(client.speed_unretract)|default(35) %}
	{% set absolute_extrude = printer.gcode_move.absolute_extrude %}
	
	{% if printer.toolhead.extruder != '' %}
	{% if printer[printer.toolhead.extruder].can_extrude %}
	{% if use_fw_retract %}
	{% if length < 0 %}
	G10
	{% else %}
	G11
	{% endif %}
	{% else %}
	M83
	G1 E{length} F{(speed|float|abs) * 60}
	{% if absolute_extrude %}
	M82
	{% endif %}
	{% endif %}
	{% else %}
	RESPOND TYPE=echo MSG='{"\"%s\" not hot enough" % printer.toolhead.extruder}'
	{% endif %}
	{% endif %}

[gcode_macro _CLIENT_RETRACT]
description = Retracts, if the extruder is hot enough
gcode = 
	{% set client = printer['gcode_macro _CLIENT_VARIABLE']|default({}) %}
	{% set length = params.LENGTH|default(client.retract)|default(1.0)|float %}
	{% set speed = params.SPEED|default(client.speed_retract)|default(35) %}
	
	_CLIENT_EXTRUDE LENGTH=-{length|float|abs} SPEED={speed|float|abs}

[gcode_macro _CLIENT_LINEAR_MOVE]
description = Linear move with save and restore of the gcode state
gcode = 
	{% set x_move = "X" ~ params.X if params.X is defined else "" %}
	{% set y_move = "Y" ~ params.Y if params.Y is defined else "" %}
	{% set z_move = "Z" ~ params.Z if params.Z is defined else "" %}
	{% set e_move = "E" ~ params.E if params.E is defined else "" %}
	{% set rate = "F" ~ params.F if params.F is defined else "" %}
	{% set ABSOLUTE = params.ABSOLUTE | default(0) | int != 0 %}
	{% set ABSOLUTE_E = params.ABSOLUTE_E | default(0) | int != 0 %}
	SAVE_GCODE_STATE NAME=_client_movement
	{% if x_move or y_move or z_move %}
	G9{ 0 if ABSOLUTE else 1 }
	{% endif %}
	{% if e_move %}
	M8{ 2 if ABSOLUTE_E else 3 }
	{% endif %}
	G1 { x_move } { y_move } { z_move } { e_move } { rate }
	RESTORE_GCODE_STATE NAME=_client_movement

[mcu]
serial = /dev/serial/by-path/platform-xhci-hcd.1-usb-0:2.4.3:1.0-port0

[exclude_object]

[stepper_x]
step_pin = PD7
dir_pin = PC5
enable_pin = !PD6
microsteps = 16
rotation_distance = 32
endstop_pin = ^!PC2
position_endstop = -30
position_max = 220
position_min = -30
homing_speed = 50

[stepper_y]
step_pin = PC6
dir_pin = PC7
enable_pin = !PD6
microsteps = 16
rotation_distance = 32
endstop_pin = ^!PC3
position_endstop = -8
position_min = -8
position_max = 220
homing_speed = 50

[stepper_z]
step_pin = PB3
dir_pin = !PB2
enable_pin = !PA5
microsteps = 16
rotation_distance = 8
endstop_pin = ^!PC4
position_endstop = 0.5
position_max = 240
homing_speed = 20

[extruder]
step_pin = PB1
dir_pin = PB0
enable_pin = !PD6
microsteps = 16
rotation_distance = 33.600
nozzle_diameter = 0.400
filament_diameter = 1.750
heater_pin = PD5
sensor_type = ATC Semitec 104GT-2
sensor_pin = PA7
control = pid
pid_kp = 2.151492
pid_ki = 0.633897
pid_kd = 230.042965
min_temp = 0
max_temp = 250

[heater_bed]
heater_pin = PD4
sensor_type = ATC Semitec 104GT-2
sensor_pin = PA6
control = watermark
min_temp = 0
max_temp = 130

[fan]
pin = PB4

[printer]
kinematics = cartesian
max_velocity = 300
max_accel = 1000
max_z_velocity = 20
max_z_accel = 100

[display]
lcd_type = hd44780
rs_pin = PA3
e_pin = PA2
d4_pin = PD2
d5_pin = PD3
d6_pin = PC0
d7_pin = PC1
up_pin = PA1
analog_range_up_pin = 9000, 13000
down_pin = PA1
analog_range_down_pin = 800, 1300
click_pin = PA1
analog_range_click_pin = 2000, 2500
back_pin = PA1
analog_range_back_pin = 4500, 5000
=======================
Extruder max_extrude_ratio=0.266081
mcu 'mcu': Starting serial connect
webhooks client 4123241392: New connection
Loaded MCU 'mcu' 121 commands (v0.13.0-119-g17b8ce4c6 / gcc: (GCC) 5.4.0 binutils: (GNU Binutils) 2.26.20160125)
MCU 'mcu' config: ADC_MAX=1023 BUS_PINS_spi=PB6,PB5,PB7 BUS_PINS_twi=PC0,PC1 CLOCK_FREQ=16000000 MCU=atmega1284p PWM_MAX=255 RECEIVE_WINDOW=192 RESERVE_PINS_serial=PD0,PD1 SERIAL_BAUD=250000 STATS_SUMSQ_BASE=256 STEPPER_OPTIMIZED_UNSTEP=40 STEPPER_STEP_BOTH_EDGE=1
Sending MCU 'mcu' printer configuration...
Protocol error
Traceback (most recent call last):
  File "/home/pi/klipper/klippy/msgproto.py", line 335, in create_command
    t = mp.name_to_type[name]
        ~~~~~~~~~~~~~~~^^^^^^
KeyError: 'bytes_per_report'

During handling of the above exception, another exception occurred:

Traceback (most recent call last):
  File "/home/pi/klipper/klippy/klippy.py", line 135, in _connect
    cb()
    ~~^^
  File "/home/pi/klipper/klippy/mcu.py", line 1037, in _connect
    self._send_config(None)
    ~~~~~~~~~~~~~~~~~^^^^^^
  File "/home/pi/klipper/klippy/mcu.py", line 1008, in _send_config
    self._serial.send(c)
    ~~~~~~~~~~~~~~~~~^^^
  File "/home/pi/klipper/klippy/serialhdl.py", line 266, in send
    cmd = self.msgparser.create_command(msg)
  File "/home/pi/klipper/klippy/msgproto.py", line 347, in create_command
    self._error("Unable to extract params from: %s", msgname)
    ~~~~~~~~~~~^^^^^^^^^^^^^^^^^^^^^^^^^^^^^^^^^^^^^^^^^^^^^^
  File "/home/pi/klipper/klippy/msgproto.py", line 242, in _error
    raise error(self.warn_prefix + (msg % params))
msgproto.error: mcu 'mcu': Unable to extract params from: query_analog_in
MCU Protocol error

This is frequently caused by running an older version of the
firmware on the MCU(s). Fix by recompiling and flashing the
firmware.

Your Klipper version is: v0.13.0-557-g54c7b65d
MCU(s) which should be updated:
mcu: Current version v0.13.0-119-g17b8ce4c6
Up-to-date MCU(s):
<none>

Once the underlying issue is corrected, use the "RESTART"
command to reload the config and restart the host software.

mcu 'mcu': Unable to extract params from: query_analog_in
Build file /home/pi/klipper/klippy/../.config(2155): Sat Feb 21 16:07:49 2026
========= Last MCU build config =========
CONFIG_LOW_LEVEL_OPTIONS=y
CONFIG_MACH_AVR=y
# CONFIG_MACH_ATSAM is not set
# CONFIG_MACH_ATSAMD is not set
# CONFIG_MACH_LPC176X is not set
# CONFIG_MACH_STM32 is not set
# CONFIG_MACH_HC32F460 is not set
# CONFIG_MACH_RPXXXX is not set
# CONFIG_MACH_PRU is not set
# CONFIG_MACH_AR100 is not set
# CONFIG_MACH_LINUX is not set
# CONFIG_MACH_SIMU is not set
CONFIG_AVR_SELECT=y
CONFIG_BOARD_DIRECTORY="avr"
# CONFIG_MACH_atmega2560 is not set
# CONFIG_MACH_atmega1280 is not set
# CONFIG_MACH_at90usb1286 is not set
# CONFIG_MACH_at90usb646 is not set
# CONFIG_MACH_atmega32u4 is not set
CONFIG_MACH_atmega1284p=y
# CONFIG_MACH_atmega644p is not set
# CONFIG_MACH_atmega328p is not set
# CONFIG_MACH_atmega328 is not set
# CONFIG_MACH_atmega168 is not set
# CONFIG_MACH_lgt8f328p is not set
CONFIG_MCU="atmega1284p"
CONFIG_AVR_BUILD_MCU="atmega1284p"
CONFIG_AVRDUDE_PROTOCOL="arduino"
CONFIG_AVR_FREQ_16000000=y
# CONFIG_AVR_FREQ_20000000 is not set
# CONFIG_AVR_FREQ_8000000 is not set
CONFIG_CLOCK_FREQ=16000000
CONFIG_AVR_CLKPR=-1
CONFIG_AVR_STACK_SIZE=256
CONFIG_AVR_WATCHDOG=y
CONFIG_SERIAL=y
CONFIG_AVR_SERIAL_UART0=y
# CONFIG_AVR_SERIAL_UART1 is not set
CONFIG_SERIAL_BAUD_U2X=y
CONFIG_SERIAL_PORT=0
# CONFIG_SIMULAVR is not set
CONFIG_SERIAL_BAUD=57600
CONFIG_USB_VENDOR_ID=0x1d50
CONFIG_USB_DEVICE_ID=0x614e
CONFIG_USB_SERIAL_NUMBER="12345"
CONFIG_WANT_ADC=y
CONFIG_WANT_SPI=y
CONFIG_WANT_SOFTWARE_SPI=y
CONFIG_WANT_I2C=y
CONFIG_WANT_SOFTWARE_I2C=y
CONFIG_WANT_HARD_PWM=y
CONFIG_WANT_BUTTONS=y
CONFIG_WANT_TMCUART=y
CONFIG_WANT_NEOPIXEL=y
CONFIG_WANT_PULSE_COUNTER=y
CONFIG_WANT_ST7920=y
CONFIG_WANT_HD44780=y
CONFIG_WANT_ADXL345=y
CONFIG_WANT_LIS2DW=y
CONFIG_WANT_BMI160=y
CONFIG_WANT_MPU9250=y
CONFIG_WANT_ICM20948=y
CONFIG_WANT_THERMOCOUPLE=y
CONFIG_WANT_HX71X=y
CONFIG_WANT_ADS1220=y
CONFIG_WANT_LDC1612=y
CONFIG_WANT_SENSOR_ANGLE=y
CONFIG_NEED_SENSOR_BULK=y
CONFIG_WANT_TRIGGER_ANALOG=y
CONFIG_NEED_SOS_FILTER=y
CONFIG_CANBUS_FREQUENCY=1000000
CONFIG_INLINE_STEPPER_HACK=y
CONFIG_INITIAL_PINS=""
CONFIG_HAVE_GPIO=y
CONFIG_HAVE_GPIO_ADC=y
CONFIG_HAVE_GPIO_SPI=y
CONFIG_HAVE_GPIO_I2C=y
CONFIG_HAVE_GPIO_HARD_PWM=y
CONFIG_HAVE_STRICT_TIMING=y
=======================
Build file /home/pi/klipper/klippy/../out/klipper.dict(9601): Sat Feb 21 16:07:54 2026
Last MCU build version: v0.13.0-541-g187481e2
Last MCU build tools: gcc: (GCC) 14.2.0 binutils: (GNU Binutils) 2.44
Last MCU build config: ADC_MAX=1023 BUS_PINS_spi=PB6,PB5,PB7 BUS_PINS_twi=PC0,PC1 CLOCK_FREQ=16000000 MCU=atmega1284p PWM_MAX=255 RECEIVE_WINDOW=192 RESERVE_PINS_serial=PD0,PD1 SERIAL_BAUD=57600 STATS_SUMSQ_BASE=256 STEPPER_OPTIMIZED_UNSTEP=40 STEPPER_STEP_BOTH_EDGE=1
Build file /home/pi/klipper/klippy/../out/klipper.elf(1554628): Sat Feb 21 16:07:55 2026
webhooks client 4123241392: Client info {'program': 'Moonraker', 'version': 'v0.10.0-9-g3fbe6ee'}
Attempting MCU 'mcu' reset
webhooks client 4123241392: Disconnected
Restarting printer
Start printer at Fri Feb 27 14:36:08 2026 (1772199368.2 57.9)
===== Config file =====
[display_status]

[virtual_sdcard]
path = /home/pi/printer_ANET1_data/gcodes
on_error_gcode = CANCEL_PRINT

[pause_resume]

[respond]

[gcode_macro CANCEL_PRINT]
description = Cancel the actual running print
rename_existing = CANCEL_PRINT_BASE
gcode = 
	
	
	{% if printer.pause_resume.is_paused|lower == 'false' and park|lower == 'true'%}
	_TOOLHEAD_PARK_PAUSE_CANCEL
	{% endif %}
	
	
	
	TURN_OFF_HEATERS
	CANCEL_PRINT_BASE
variable_park = True

[gcode_macro PAUSE]
description = Pause the actual running print
rename_existing = PAUSE_BASE
gcode = 
	PAUSE_BASE
	_TOOLHEAD_PARK_PAUSE_CANCEL

[gcode_macro RESUME]
description = Resume the actual running print
rename_existing = RESUME_BASE
variable_last_extruder_temp = {'restore': False, 'temp': 0}
variable_restore_idle_timeout = 0
variable_idle_state = False
gcode = 
	
	
	{% set extrude = printer['gcode_macro _TOOLHEAD_PARK_PAUSE_CANCEL'].extrude %}
	
	{% if 'VELOCITY' in params|upper %}
	{% set get_params = ('VELOCITY=' + params.VELOCITY)  %}
	{%else %}
	{% set get_params = "" %}
	{% endif %}
	
	{% if printer.extruder.can_extrude|lower == 'true' %}
	M83
	G1 E{extrude} F2100
	{% if printer.gcode_move.absolute_extrude |lower == 'true' %} M82 {% endif %}
	{% else %}
	{action_respond_info("Extruder not hot enough")}
	{% endif %}
	RESUME_BASE {get_params}

[gcode_macro SET_PAUSE_NEXT_LAYER]
description = Enable a pause if the next layer is reached
gcode = 
	{% set pause_next_layer = printer['gcode_macro SET_PRINT_STATS_INFO'].pause_next_layer %}
	{% set ENABLE = params.ENABLE|default(1)|int != 0 %}
	{% set MACRO = params.MACRO|default(pause_next_layer.call, True) %}
	SET_GCODE_VARIABLE MACRO=SET_PRINT_STATS_INFO VARIABLE=pause_next_layer VALUE="{{ 'enable': ENABLE, 'call': MACRO }}"

[gcode_macro SET_PAUSE_AT_LAYER]
description = Enable/disable a pause if a given layer number is reached
gcode = 
	{% set pause_at_layer = printer['gcode_macro SET_PRINT_STATS_INFO'].pause_at_layer %}
	{% set ENABLE = params.ENABLE|int != 0 if params.ENABLE is defined
	else params.LAYER is defined %}
	{% set LAYER = params.LAYER|default(pause_at_layer.layer)|int %}
	{% set MACRO = params.MACRO|default(pause_at_layer.call, True) %}
	SET_GCODE_VARIABLE MACRO=SET_PRINT_STATS_INFO VARIABLE=pause_at_layer VALUE="{{ 'enable': ENABLE, 'layer': LAYER, 'call': MACRO }}"

[gcode_macro SET_PRINT_STATS_INFO]
rename_existing = SET_PRINT_STATS_INFO_BASE
description = Overwrite, to get pause_next_layer and pause_at_layer feature
variable_pause_next_layer = { 'enable': False, 'call': "PAUSE" }
variable_pause_at_layer = { 'enable': False, 'layer': 0, 'call': "PAUSE" }
gcode = 
	{% if pause_next_layer.enable %}
	RESPOND TYPE=echo MSG='{"%s, forced by pause_next_layer" % pause_next_layer.call}'
	{pause_next_layer.call}
	SET_PAUSE_NEXT_LAYER ENABLE=0
	{% elif pause_at_layer.enable and params.CURRENT_LAYER is defined and params.CURRENT_LAYER|int == pause_at_layer.layer %}
	RESPOND TYPE=echo MSG='{"%s, forced by pause_at_layer [%d]" % (pause_at_layer.call, pause_at_layer.layer)}'
	{pause_at_layer.call}
	SET_PAUSE_AT_LAYER ENABLE=0
	{% endif %}
	SET_PRINT_STATS_INFO_BASE {rawparams}

[gcode_macro _TOOLHEAD_PARK_PAUSE_CANCEL]
description = Helper: park toolhead used in PAUSE and CANCEL_PRINT
gcode = 
	
	{% set client = printer['gcode_macro _CLIENT_VARIABLE']|default({}) %}
	{% set velocity = printer.configfile.settings.pause_resume.recover_velocity %}
	{% set use_custom     = client.use_custom_pos|default(false)|lower == 'true' %}
	{% set custom_park_x  = client.custom_park_x|default(0.0) %}
	{% set custom_park_y  = client.custom_park_y|default(0.0) %}
	{% set park_dz        = client.custom_park_dz|default(2.0)|abs %}
	{% set sp_hop         = client.speed_hop|default(15) * 60 %}
	{% set sp_move        = client.speed_move|default(velocity) * 60 %}
	
	{% set origin    = printer.gcode_move.homing_origin %}
	{% set act       = printer.gcode_move.gcode_position %}
	{% set max       = printer.toolhead.axis_maximum %}
	{% set cone      = printer.toolhead.cone_start_z|default(max.z) %}
	{% set round_bed = True if printer.configfile.settings.printer.kinematics is in ['delta','polar','rotary_delta','winch']
	else False %}
	
	{% set z_min = params.Z_MIN|default(0)|float %}
	{% set z_park = [[(act.z + park_dz), z_min]|max, (max.z - origin.z)]|min %}
	{% set x_park = params.X       if params.X is defined
	else custom_park_x  if use_custom
	else 0.0            if round_bed
	else (max.x - 5.0) %}
	{% set y_park = params.Y       if params.Y is defined
	else custom_park_y  if use_custom
	else (max.y - 5.0)  if round_bed and z_park < cone
	else 0.0            if round_bed
	else (max.y - 5.0) %}
	
	_CLIENT_RETRACT
	{% if "xyz" in printer.toolhead.homed_axes %}
	G90
	G1 Z{z_park} F{sp_hop}
	G1 X{x_park} Y{y_park} F{sp_move}
	{% if not printer.gcode_move.absolute_coordinates %} G91 {% endif %}
	{% else %}
	RESPOND TYPE=echo MSG='Printer not homed'
	{% endif %}

[gcode_macro _CLIENT_EXTRUDE]
description = Extrudes, if the extruder is hot enough
gcode = 
	
	{% set client = printer['gcode_macro _CLIENT_VARIABLE']|default({}) %}
	{% set use_fw_retract = (client.use_fw_retract|default(false)|lower == 'true') and (printer.firmware_retraction is defined) %}
	{% set length = params.LENGTH|default(client.unretract)|default(1.0)|float %}
	{% set speed = params.SPEED|default(client.speed_unretract)|default(35) %}
	{% set absolute_extrude = printer.gcode_move.absolute_extrude %}
	
	{% if printer.toolhead.extruder != '' %}
	{% if printer[printer.toolhead.extruder].can_extrude %}
	{% if use_fw_retract %}
	{% if length < 0 %}
	G10
	{% else %}
	G11
	{% endif %}
	{% else %}
	M83
	G1 E{length} F{(speed|float|abs) * 60}
	{% if absolute_extrude %}
	M82
	{% endif %}
	{% endif %}
	{% else %}
	RESPOND TYPE=echo MSG='{"\"%s\" not hot enough" % printer.toolhead.extruder}'
	{% endif %}
	{% endif %}

[gcode_macro _CLIENT_RETRACT]
description = Retracts, if the extruder is hot enough
gcode = 
	{% set client = printer['gcode_macro _CLIENT_VARIABLE']|default({}) %}
	{% set length = params.LENGTH|default(client.retract)|default(1.0)|float %}
	{% set speed = params.SPEED|default(client.speed_retract)|default(35) %}
	
	_CLIENT_EXTRUDE LENGTH=-{length|float|abs} SPEED={speed|float|abs}

[gcode_macro _CLIENT_LINEAR_MOVE]
description = Linear move with save and restore of the gcode state
gcode = 
	{% set x_move = "X" ~ params.X if params.X is defined else "" %}
	{% set y_move = "Y" ~ params.Y if params.Y is defined else "" %}
	{% set z_move = "Z" ~ params.Z if params.Z is defined else "" %}
	{% set e_move = "E" ~ params.E if params.E is defined else "" %}
	{% set rate = "F" ~ params.F if params.F is defined else "" %}
	{% set ABSOLUTE = params.ABSOLUTE | default(0) | int != 0 %}
	{% set ABSOLUTE_E = params.ABSOLUTE_E | default(0) | int != 0 %}
	SAVE_GCODE_STATE NAME=_client_movement
	{% if x_move or y_move or z_move %}
	G9{ 0 if ABSOLUTE else 1 }
	{% endif %}
	{% if e_move %}
	M8{ 2 if ABSOLUTE_E else 3 }
	{% endif %}
	G1 { x_move } { y_move } { z_move } { e_move } { rate }
	RESTORE_GCODE_STATE NAME=_client_movement

[mcu]
serial = /dev/serial/by-path/platform-xhci-hcd.1-usb-0:2.4.3:1.0-port0

[exclude_object]

[stepper_x]
step_pin = PD7
dir_pin = PC5
enable_pin = !PD6
microsteps = 16
rotation_distance = 32
endstop_pin = ^!PC2
position_endstop = -30
position_max = 220
position_min = -30
homing_speed = 50

[stepper_y]
step_pin = PC6
dir_pin = PC7
enable_pin = !PD6
microsteps = 16
rotation_distance = 32
endstop_pin = ^!PC3
position_endstop = -8
position_min = -8
position_max = 220
homing_speed = 50

[stepper_z]
step_pin = PB3
dir_pin = !PB2
enable_pin = !PA5
microsteps = 16
rotation_distance = 8
endstop_pin = ^!PC4
position_endstop = 0.5
position_max = 240
homing_speed = 20

[extruder]
step_pin = PB1
dir_pin = PB0
enable_pin = !PD6
microsteps = 16
rotation_distance = 33.600
nozzle_diameter = 0.400
filament_diameter = 1.750
heater_pin = PD5
sensor_type = ATC Semitec 104GT-2
sensor_pin = PA7
control = pid
pid_kp = 2.151492
pid_ki = 0.633897
pid_kd = 230.042965
min_temp = 0
max_temp = 250

[heater_bed]
heater_pin = PD4
sensor_type = ATC Semitec 104GT-2
sensor_pin = PA6
control = watermark
min_temp = 0
max_temp = 130

[fan]
pin = PB4

[printer]
kinematics = cartesian
max_velocity = 300
max_accel = 1000
max_z_velocity = 20
max_z_accel = 100

[display]
lcd_type = hd44780
rs_pin = PA3
e_pin = PA2
d4_pin = PD2
d5_pin = PD3
d6_pin = PC0
d7_pin = PC1
up_pin = PA1
analog_range_up_pin = 9000, 13000
down_pin = PA1
analog_range_down_pin = 800, 1300
click_pin = PA1
analog_range_click_pin = 2000, 2500
back_pin = PA1
analog_range_back_pin = 4500, 5000
=======================
Extruder max_extrude_ratio=0.266081
mcu 'mcu': Starting serial connect
webhooks client 4088339072: New connection
webhooks client 4088339072: Client info {'program': 'Moonraker', 'version': 'v0.10.0-9-g3fbe6ee'}
Loaded MCU 'mcu' 121 commands (v0.13.0-119-g17b8ce4c6 / gcc: (GCC) 5.4.0 binutils: (GNU Binutils) 2.26.20160125)
MCU 'mcu' config: ADC_MAX=1023 BUS_PINS_spi=PB6,PB5,PB7 BUS_PINS_twi=PC0,PC1 CLOCK_FREQ=16000000 MCU=atmega1284p PWM_MAX=255 RECEIVE_WINDOW=192 RESERVE_PINS_serial=PD0,PD1 SERIAL_BAUD=250000 STATS_SUMSQ_BASE=256 STEPPER_OPTIMIZED_UNSTEP=40 STEPPER_STEP_BOTH_EDGE=1
Sending MCU 'mcu' printer configuration...
Protocol error
Traceback (most recent call last):
  File "/home/pi/klipper/klippy/msgproto.py", line 335, in create_command
    t = mp.name_to_type[name]
        ~~~~~~~~~~~~~~~^^^^^^
KeyError: 'bytes_per_report'

During handling of the above exception, another exception occurred:

Traceback (most recent call last):
  File "/home/pi/klipper/klippy/klippy.py", line 135, in _connect
    cb()
    ~~^^
  File "/home/pi/klipper/klippy/mcu.py", line 1037, in _connect
    self._send_config(None)
    ~~~~~~~~~~~~~~~~~^^^^^^
  File "/home/pi/klipper/klippy/mcu.py", line 1008, in _send_config
    self._serial.send(c)
    ~~~~~~~~~~~~~~~~~^^^
  File "/home/pi/klipper/klippy/serialhdl.py", line 266, in send
    cmd = self.msgparser.create_command(msg)
  File "/home/pi/klipper/klippy/msgproto.py", line 347, in create_command
    self._error("Unable to extract params from: %s", msgname)
    ~~~~~~~~~~~^^^^^^^^^^^^^^^^^^^^^^^^^^^^^^^^^^^^^^^^^^^^^^
  File "/home/pi/klipper/klippy/msgproto.py", line 242, in _error
    raise error(self.warn_prefix + (msg % params))
msgproto.error: mcu 'mcu': Unable to extract params from: query_analog_in
MCU Protocol error

This is frequently caused by running an older version of the
firmware on the MCU(s). Fix by recompiling and flashing the
firmware.

Your Klipper version is: v0.13.0-557-g54c7b65d
MCU(s) which should be updated:
mcu: Current version v0.13.0-119-g17b8ce4c6
Up-to-date MCU(s):
<none>

Once the underlying issue is corrected, use the "RESTART"
command to reload the config and restart the host software.

mcu 'mcu': Unable to extract params from: query_analog_in
Build file /home/pi/klipper/klippy/../.config(2155): Sat Feb 21 16:07:49 2026
========= Last MCU build config =========
CONFIG_LOW_LEVEL_OPTIONS=y
CONFIG_MACH_AVR=y
# CONFIG_MACH_ATSAM is not set
# CONFIG_MACH_ATSAMD is not set
# CONFIG_MACH_LPC176X is not set
# CONFIG_MACH_STM32 is not set
# CONFIG_MACH_HC32F460 is not set
# CONFIG_MACH_RPXXXX is not set
# CONFIG_MACH_PRU is not set
# CONFIG_MACH_AR100 is not set
# CONFIG_MACH_LINUX is not set
# CONFIG_MACH_SIMU is not set
CONFIG_AVR_SELECT=y
CONFIG_BOARD_DIRECTORY="avr"
# CONFIG_MACH_atmega2560 is not set
# CONFIG_MACH_atmega1280 is not set
# CONFIG_MACH_at90usb1286 is not set
# CONFIG_MACH_at90usb646 is not set
# CONFIG_MACH_atmega32u4 is not set
CONFIG_MACH_atmega1284p=y
# CONFIG_MACH_atmega644p is not set
# CONFIG_MACH_atmega328p is not set
# CONFIG_MACH_atmega328 is not set
# CONFIG_MACH_atmega168 is not set
# CONFIG_MACH_lgt8f328p is not set
CONFIG_MCU="atmega1284p"
CONFIG_AVR_BUILD_MCU="atmega1284p"
CONFIG_AVRDUDE_PROTOCOL="arduino"
CONFIG_AVR_FREQ_16000000=y
# CONFIG_AVR_FREQ_20000000 is not set
# CONFIG_AVR_FREQ_8000000 is not set
CONFIG_CLOCK_FREQ=16000000
CONFIG_AVR_CLKPR=-1
CONFIG_AVR_STACK_SIZE=256
CONFIG_AVR_WATCHDOG=y
CONFIG_SERIAL=y
CONFIG_AVR_SERIAL_UART0=y
# CONFIG_AVR_SERIAL_UART1 is not set
CONFIG_SERIAL_BAUD_U2X=y
CONFIG_SERIAL_PORT=0
# CONFIG_SIMULAVR is not set
CONFIG_SERIAL_BAUD=57600
CONFIG_USB_VENDOR_ID=0x1d50
CONFIG_USB_DEVICE_ID=0x614e
CONFIG_USB_SERIAL_NUMBER="12345"
CONFIG_WANT_ADC=y
CONFIG_WANT_SPI=y
CONFIG_WANT_SOFTWARE_SPI=y
CONFIG_WANT_I2C=y
CONFIG_WANT_SOFTWARE_I2C=y
CONFIG_WANT_HARD_PWM=y
CONFIG_WANT_BUTTONS=y
CONFIG_WANT_TMCUART=y
CONFIG_WANT_NEOPIXEL=y
CONFIG_WANT_PULSE_COUNTER=y
CONFIG_WANT_ST7920=y
CONFIG_WANT_HD44780=y
CONFIG_WANT_ADXL345=y
CONFIG_WANT_LIS2DW=y
CONFIG_WANT_BMI160=y
CONFIG_WANT_MPU9250=y
CONFIG_WANT_ICM20948=y
CONFIG_WANT_THERMOCOUPLE=y
CONFIG_WANT_HX71X=y
CONFIG_WANT_ADS1220=y
CONFIG_WANT_LDC1612=y
CONFIG_WANT_SENSOR_ANGLE=y
CONFIG_NEED_SENSOR_BULK=y
CONFIG_WANT_TRIGGER_ANALOG=y
CONFIG_NEED_SOS_FILTER=y
CONFIG_CANBUS_FREQUENCY=1000000
CONFIG_INLINE_STEPPER_HACK=y
CONFIG_INITIAL_PINS=""
CONFIG_HAVE_GPIO=y
CONFIG_HAVE_GPIO_ADC=y
CONFIG_HAVE_GPIO_SPI=y
CONFIG_HAVE_GPIO_I2C=y
CONFIG_HAVE_GPIO_HARD_PWM=y
CONFIG_HAVE_STRICT_TIMING=y
=======================
Build file /home/pi/klipper/klippy/../out/klipper.dict(9601): Sat Feb 21 16:07:54 2026
Last MCU build version: v0.13.0-541-g187481e2
Last MCU build tools: gcc: (GCC) 14.2.0 binutils: (GNU Binutils) 2.44
Last MCU build config: ADC_MAX=1023 BUS_PINS_spi=PB6,PB5,PB7 BUS_PINS_twi=PC0,PC1 CLOCK_FREQ=16000000 MCU=atmega1284p PWM_MAX=255 RECEIVE_WINDOW=192 RESERVE_PINS_serial=PD0,PD1 SERIAL_BAUD=57600 STATS_SUMSQ_BASE=256 STEPPER_OPTIMIZED_UNSTEP=40 STEPPER_STEP_BOTH_EDGE=1
Build file /home/pi/klipper/klippy/../out/klipper.elf(1554628): Sat Feb 21 16:07:55 2026
Starting Klippy...
Args: ['/home/pi/klipper/klippy/klippy.py', '/home/pi/printer_ANET1_data/config/printer.cfg', '-I', '/home/pi/printer_ANET1_data/comms/klippy.serial', '-l', '/home/pi/printer_ANET1_data/logs/klippy.log', '-a', '/home/pi/printer_ANET1_data/comms/klippy.sock']
Git version: 'v0.13.0-557-g54c7b65d'
Branch: master
Remote: origin
Tracked URL: https://github.com/Klipper3d/klipper
CPU: 4 core ?
Device: Raspberry Pi 5 Model B Rev 1.0
Linux: Linux version 6.12.62+rpt-rpi-v8 (serge@raspberrypi.com) (aarch64-linux-gnu-gcc-14 (Debian 14.2.0-19) 14.2.0, GNU ld (GNU Binutils for Debian) 2.44) #1 SMP PREEMPT Debian 1:6.12.62-1+rpt1 (2025-12-18)
Python: '3.13.5 (main, Jun 25 2025, 18:55:22) [GCC 14.2.0]'
Start printer at Fri Feb 27 14:40:14 2026 (1772199614.2 11.0)
===== Config file =====
[display_status]

[virtual_sdcard]
path = /home/pi/printer_ANET1_data/gcodes
on_error_gcode = CANCEL_PRINT

[pause_resume]

[respond]

[gcode_macro CANCEL_PRINT]
description = Cancel the actual running print
rename_existing = CANCEL_PRINT_BASE
gcode = 
	
	
	{% if printer.pause_resume.is_paused|lower == 'false' and park|lower == 'true'%}
	_TOOLHEAD_PARK_PAUSE_CANCEL
	{% endif %}
	
	
	
	TURN_OFF_HEATERS
	CANCEL_PRINT_BASE
variable_park = True

[gcode_macro PAUSE]
description = Pause the actual running print
rename_existing = PAUSE_BASE
gcode = 
	PAUSE_BASE
	_TOOLHEAD_PARK_PAUSE_CANCEL

[gcode_macro RESUME]
description = Resume the actual running print
rename_existing = RESUME_BASE
variable_last_extruder_temp = {'restore': False, 'temp': 0}
variable_restore_idle_timeout = 0
variable_idle_state = False
gcode = 
	
	
	{% set extrude = printer['gcode_macro _TOOLHEAD_PARK_PAUSE_CANCEL'].extrude %}
	
	{% if 'VELOCITY' in params|upper %}
	{% set get_params = ('VELOCITY=' + params.VELOCITY)  %}
	{%else %}
	{% set get_params = "" %}
	{% endif %}
	
	{% if printer.extruder.can_extrude|lower == 'true' %}
	M83
	G1 E{extrude} F2100
	{% if printer.gcode_move.absolute_extrude |lower == 'true' %} M82 {% endif %}
	{% else %}
	{action_respond_info("Extruder not hot enough")}
	{% endif %}
	RESUME_BASE {get_params}

[gcode_macro SET_PAUSE_NEXT_LAYER]
description = Enable a pause if the next layer is reached
gcode = 
	{% set pause_next_layer = printer['gcode_macro SET_PRINT_STATS_INFO'].pause_next_layer %}
	{% set ENABLE = params.ENABLE|default(1)|int != 0 %}
	{% set MACRO = params.MACRO|default(pause_next_layer.call, True) %}
	SET_GCODE_VARIABLE MACRO=SET_PRINT_STATS_INFO VARIABLE=pause_next_layer VALUE="{{ 'enable': ENABLE, 'call': MACRO }}"

[gcode_macro SET_PAUSE_AT_LAYER]
description = Enable/disable a pause if a given layer number is reached
gcode = 
	{% set pause_at_layer = printer['gcode_macro SET_PRINT_STATS_INFO'].pause_at_layer %}
	{% set ENABLE = params.ENABLE|int != 0 if params.ENABLE is defined
	else params.LAYER is defined %}
	{% set LAYER = params.LAYER|default(pause_at_layer.layer)|int %}
	{% set MACRO = params.MACRO|default(pause_at_layer.call, True) %}
	SET_GCODE_VARIABLE MACRO=SET_PRINT_STATS_INFO VARIABLE=pause_at_layer VALUE="{{ 'enable': ENABLE, 'layer': LAYER, 'call': MACRO }}"

[gcode_macro SET_PRINT_STATS_INFO]
rename_existing = SET_PRINT_STATS_INFO_BASE
description = Overwrite, to get pause_next_layer and pause_at_layer feature
variable_pause_next_layer = { 'enable': False, 'call': "PAUSE" }
variable_pause_at_layer = { 'enable': False, 'layer': 0, 'call': "PAUSE" }
gcode = 
	{% if pause_next_layer.enable %}
	RESPOND TYPE=echo MSG='{"%s, forced by pause_next_layer" % pause_next_layer.call}'
	{pause_next_layer.call}
	SET_PAUSE_NEXT_LAYER ENABLE=0
	{% elif pause_at_layer.enable and params.CURRENT_LAYER is defined and params.CURRENT_LAYER|int == pause_at_layer.layer %}
	RESPOND TYPE=echo MSG='{"%s, forced by pause_at_layer [%d]" % (pause_at_layer.call, pause_at_layer.layer)}'
	{pause_at_layer.call}
	SET_PAUSE_AT_LAYER ENABLE=0
	{% endif %}
	SET_PRINT_STATS_INFO_BASE {rawparams}

[gcode_macro _TOOLHEAD_PARK_PAUSE_CANCEL]
description = Helper: park toolhead used in PAUSE and CANCEL_PRINT
gcode = 
	
	{% set client = printer['gcode_macro _CLIENT_VARIABLE']|default({}) %}
	{% set velocity = printer.configfile.settings.pause_resume.recover_velocity %}
	{% set use_custom     = client.use_custom_pos|default(false)|lower == 'true' %}
	{% set custom_park_x  = client.custom_park_x|default(0.0) %}
	{% set custom_park_y  = client.custom_park_y|default(0.0) %}
	{% set park_dz        = client.custom_park_dz|default(2.0)|abs %}
	{% set sp_hop         = client.speed_hop|default(15) * 60 %}
	{% set sp_move        = client.speed_move|default(velocity) * 60 %}
	
	{% set origin    = printer.gcode_move.homing_origin %}
	{% set act       = printer.gcode_move.gcode_position %}
	{% set max       = printer.toolhead.axis_maximum %}
	{% set cone      = printer.toolhead.cone_start_z|default(max.z) %}
	{% set round_bed = True if printer.configfile.settings.printer.kinematics is in ['delta','polar','rotary_delta','winch']
	else False %}
	
	{% set z_min = params.Z_MIN|default(0)|float %}
	{% set z_park = [[(act.z + park_dz), z_min]|max, (max.z - origin.z)]|min %}
	{% set x_park = params.X       if params.X is defined
	else custom_park_x  if use_custom
	else 0.0            if round_bed
	else (max.x - 5.0) %}
	{% set y_park = params.Y       if params.Y is defined
	else custom_park_y  if use_custom
	else (max.y - 5.0)  if round_bed and z_park < cone
	else 0.0            if round_bed
	else (max.y - 5.0) %}
	
	_CLIENT_RETRACT
	{% if "xyz" in printer.toolhead.homed_axes %}
	G90
	G1 Z{z_park} F{sp_hop}
	G1 X{x_park} Y{y_park} F{sp_move}
	{% if not printer.gcode_move.absolute_coordinates %} G91 {% endif %}
	{% else %}
	RESPOND TYPE=echo MSG='Printer not homed'
	{% endif %}

[gcode_macro _CLIENT_EXTRUDE]
description = Extrudes, if the extruder is hot enough
gcode = 
	
	{% set client = printer['gcode_macro _CLIENT_VARIABLE']|default({}) %}
	{% set use_fw_retract = (client.use_fw_retract|default(false)|lower == 'true') and (printer.firmware_retraction is defined) %}
	{% set length = params.LENGTH|default(client.unretract)|default(1.0)|float %}
	{% set speed = params.SPEED|default(client.speed_unretract)|default(35) %}
	{% set absolute_extrude = printer.gcode_move.absolute_extrude %}
	
	{% if printer.toolhead.extruder != '' %}
	{% if printer[printer.toolhead.extruder].can_extrude %}
	{% if use_fw_retract %}
	{% if length < 0 %}
	G10
	{% else %}
	G11
	{% endif %}
	{% else %}
	M83
	G1 E{length} F{(speed|float|abs) * 60}
	{% if absolute_extrude %}
	M82
	{% endif %}
	{% endif %}
	{% else %}
	RESPOND TYPE=echo MSG='{"\"%s\" not hot enough" % printer.toolhead.extruder}'
	{% endif %}
	{% endif %}

[gcode_macro _CLIENT_RETRACT]
description = Retracts, if the extruder is hot enough
gcode = 
	{% set client = printer['gcode_macro _CLIENT_VARIABLE']|default({}) %}
	{% set length = params.LENGTH|default(client.retract)|default(1.0)|float %}
	{% set speed = params.SPEED|default(client.speed_retract)|default(35) %}
	
	_CLIENT_EXTRUDE LENGTH=-{length|float|abs} SPEED={speed|float|abs}

[gcode_macro _CLIENT_LINEAR_MOVE]
description = Linear move with save and restore of the gcode state
gcode = 
	{% set x_move = "X" ~ params.X if params.X is defined else "" %}
	{% set y_move = "Y" ~ params.Y if params.Y is defined else "" %}
	{% set z_move = "Z" ~ params.Z if params.Z is defined else "" %}
	{% set e_move = "E" ~ params.E if params.E is defined else "" %}
	{% set rate = "F" ~ params.F if params.F is defined else "" %}
	{% set ABSOLUTE = params.ABSOLUTE | default(0) | int != 0 %}
	{% set ABSOLUTE_E = params.ABSOLUTE_E | default(0) | int != 0 %}
	SAVE_GCODE_STATE NAME=_client_movement
	{% if x_move or y_move or z_move %}
	G9{ 0 if ABSOLUTE else 1 }
	{% endif %}
	{% if e_move %}
	M8{ 2 if ABSOLUTE_E else 3 }
	{% endif %}
	G1 { x_move } { y_move } { z_move } { e_move } { rate }
	RESTORE_GCODE_STATE NAME=_client_movement

[mcu]
serial = /dev/serial/by-path/platform-xhci-hcd.1-usb-0:2.4.3:1.0-port0

[exclude_object]

[stepper_x]
step_pin = PD7
dir_pin = PC5
enable_pin = !PD6
microsteps = 16
rotation_distance = 32
endstop_pin = ^!PC2
position_endstop = -30
position_max = 220
position_min = -30
homing_speed = 50

[stepper_y]
step_pin = PC6
dir_pin = PC7
enable_pin = !PD6
microsteps = 16
rotation_distance = 32
endstop_pin = ^!PC3
position_endstop = -8
position_min = -8
position_max = 220
homing_speed = 50

[stepper_z]
step_pin = PB3
dir_pin = !PB2
enable_pin = !PA5
microsteps = 16
rotation_distance = 8
endstop_pin = ^!PC4
position_endstop = 0.5
position_max = 240
homing_speed = 20

[extruder]
step_pin = PB1
dir_pin = PB0
enable_pin = !PD6
microsteps = 16
rotation_distance = 33.600
nozzle_diameter = 0.400
filament_diameter = 1.750
heater_pin = PD5
sensor_type = ATC Semitec 104GT-2
sensor_pin = PA7
control = pid
pid_kp = 2.151492
pid_ki = 0.633897
pid_kd = 230.042965
min_temp = 0
max_temp = 250

[heater_bed]
heater_pin = PD4
sensor_type = ATC Semitec 104GT-2
sensor_pin = PA6
control = watermark
min_temp = 0
max_temp = 130

[fan]
pin = PB4

[printer]
kinematics = cartesian
max_velocity = 300
max_accel = 1000
max_z_velocity = 20
max_z_accel = 100

[display]
lcd_type = hd44780
rs_pin = PA3
e_pin = PA2
d4_pin = PD2
d5_pin = PD3
d6_pin = PC0
d7_pin = PC1
up_pin = PA1
analog_range_up_pin = 9000, 13000
down_pin = PA1
analog_range_down_pin = 800, 1300
click_pin = PA1
analog_range_click_pin = 2000, 2500
back_pin = PA1
analog_range_back_pin = 4500, 5000
=======================
Extruder max_extrude_ratio=0.266081
mcu 'mcu': Starting serial connect
mcu 'mcu': Unable to open serial port: [Errno 11] Could not exclusively lock port /dev/serial/by-path/platform-xhci-hcd.1-usb-0:2.4.3:1.0-port0: [Errno 11] Resource temporarily unavailable
webhooks client 4121799600: New connection
webhooks client 4121799600: Client info {'program': 'Moonraker', 'version': 'v0.10.0-9-g3fbe6ee'}
mcu 'mcu': Unable to open serial port: [Errno 11] Could not exclusively lock port /dev/serial/by-path/platform-xhci-hcd.1-usb-0:2.4.3:1.0-port0: [Errno 11] Resource temporarily unavailable
webhooks client 4121799600: Disconnected
Restarting printer
Start printer at Fri Feb 27 14:40:23 2026 (1772199623.5 20.3)
===== Config file =====
[display_status]

[virtual_sdcard]
path = /home/pi/printer_ANET1_data/gcodes
on_error_gcode = CANCEL_PRINT

[pause_resume]

[respond]

[gcode_macro CANCEL_PRINT]
description = Cancel the actual running print
rename_existing = CANCEL_PRINT_BASE
gcode = 
	
	
	{% if printer.pause_resume.is_paused|lower == 'false' and park|lower == 'true'%}
	_TOOLHEAD_PARK_PAUSE_CANCEL
	{% endif %}
	
	
	
	TURN_OFF_HEATERS
	CANCEL_PRINT_BASE
variable_park = True

[gcode_macro PAUSE]
description = Pause the actual running print
rename_existing = PAUSE_BASE
gcode = 
	PAUSE_BASE
	_TOOLHEAD_PARK_PAUSE_CANCEL

[gcode_macro RESUME]
description = Resume the actual running print
rename_existing = RESUME_BASE
variable_last_extruder_temp = {'restore': False, 'temp': 0}
variable_restore_idle_timeout = 0
variable_idle_state = False
gcode = 
	
	
	{% set extrude = printer['gcode_macro _TOOLHEAD_PARK_PAUSE_CANCEL'].extrude %}
	
	{% if 'VELOCITY' in params|upper %}
	{% set get_params = ('VELOCITY=' + params.VELOCITY)  %}
	{%else %}
	{% set get_params = "" %}
	{% endif %}
	
	{% if printer.extruder.can_extrude|lower == 'true' %}
	M83
	G1 E{extrude} F2100
	{% if printer.gcode_move.absolute_extrude |lower == 'true' %} M82 {% endif %}
	{% else %}
	{action_respond_info("Extruder not hot enough")}
	{% endif %}
	RESUME_BASE {get_params}

[gcode_macro SET_PAUSE_NEXT_LAYER]
description = Enable a pause if the next layer is reached
gcode = 
	{% set pause_next_layer = printer['gcode_macro SET_PRINT_STATS_INFO'].pause_next_layer %}
	{% set ENABLE = params.ENABLE|default(1)|int != 0 %}
	{% set MACRO = params.MACRO|default(pause_next_layer.call, True) %}
	SET_GCODE_VARIABLE MACRO=SET_PRINT_STATS_INFO VARIABLE=pause_next_layer VALUE="{{ 'enable': ENABLE, 'call': MACRO }}"

[gcode_macro SET_PAUSE_AT_LAYER]
description = Enable/disable a pause if a given layer number is reached
gcode = 
	{% set pause_at_layer = printer['gcode_macro SET_PRINT_STATS_INFO'].pause_at_layer %}
	{% set ENABLE = params.ENABLE|int != 0 if params.ENABLE is defined
	else params.LAYER is defined %}
	{% set LAYER = params.LAYER|default(pause_at_layer.layer)|int %}
	{% set MACRO = params.MACRO|default(pause_at_layer.call, True) %}
	SET_GCODE_VARIABLE MACRO=SET_PRINT_STATS_INFO VARIABLE=pause_at_layer VALUE="{{ 'enable': ENABLE, 'layer': LAYER, 'call': MACRO }}"

[gcode_macro SET_PRINT_STATS_INFO]
rename_existing = SET_PRINT_STATS_INFO_BASE
description = Overwrite, to get pause_next_layer and pause_at_layer feature
variable_pause_next_layer = { 'enable': False, 'call': "PAUSE" }
variable_pause_at_layer = { 'enable': False, 'layer': 0, 'call': "PAUSE" }
gcode = 
	{% if pause_next_layer.enable %}
	RESPOND TYPE=echo MSG='{"%s, forced by pause_next_layer" % pause_next_layer.call}'
	{pause_next_layer.call}
	SET_PAUSE_NEXT_LAYER ENABLE=0
	{% elif pause_at_layer.enable and params.CURRENT_LAYER is defined and params.CURRENT_LAYER|int == pause_at_layer.layer %}
	RESPOND TYPE=echo MSG='{"%s, forced by pause_at_layer [%d]" % (pause_at_layer.call, pause_at_layer.layer)}'
	{pause_at_layer.call}
	SET_PAUSE_AT_LAYER ENABLE=0
	{% endif %}
	SET_PRINT_STATS_INFO_BASE {rawparams}

[gcode_macro _TOOLHEAD_PARK_PAUSE_CANCEL]
description = Helper: park toolhead used in PAUSE and CANCEL_PRINT
gcode = 
	
	{% set client = printer['gcode_macro _CLIENT_VARIABLE']|default({}) %}
	{% set velocity = printer.configfile.settings.pause_resume.recover_velocity %}
	{% set use_custom     = client.use_custom_pos|default(false)|lower == 'true' %}
	{% set custom_park_x  = client.custom_park_x|default(0.0) %}
	{% set custom_park_y  = client.custom_park_y|default(0.0) %}
	{% set park_dz        = client.custom_park_dz|default(2.0)|abs %}
	{% set sp_hop         = client.speed_hop|default(15) * 60 %}
	{% set sp_move        = client.speed_move|default(velocity) * 60 %}
	
	{% set origin    = printer.gcode_move.homing_origin %}
	{% set act       = printer.gcode_move.gcode_position %}
	{% set max       = printer.toolhead.axis_maximum %}
	{% set cone      = printer.toolhead.cone_start_z|default(max.z) %}
	{% set round_bed = True if printer.configfile.settings.printer.kinematics is in ['delta','polar','rotary_delta','winch']
	else False %}
	
	{% set z_min = params.Z_MIN|default(0)|float %}
	{% set z_park = [[(act.z + park_dz), z_min]|max, (max.z - origin.z)]|min %}
	{% set x_park = params.X       if params.X is defined
	else custom_park_x  if use_custom
	else 0.0            if round_bed
	else (max.x - 5.0) %}
	{% set y_park = params.Y       if params.Y is defined
	else custom_park_y  if use_custom
	else (max.y - 5.0)  if round_bed and z_park < cone
	else 0.0            if round_bed
	else (max.y - 5.0) %}
	
	_CLIENT_RETRACT
	{% if "xyz" in printer.toolhead.homed_axes %}
	G90
	G1 Z{z_park} F{sp_hop}
	G1 X{x_park} Y{y_park} F{sp_move}
	{% if not printer.gcode_move.absolute_coordinates %} G91 {% endif %}
	{% else %}
	RESPOND TYPE=echo MSG='Printer not homed'
	{% endif %}

[gcode_macro _CLIENT_EXTRUDE]
description = Extrudes, if the extruder is hot enough
gcode = 
	
	{% set client = printer['gcode_macro _CLIENT_VARIABLE']|default({}) %}
	{% set use_fw_retract = (client.use_fw_retract|default(false)|lower == 'true') and (printer.firmware_retraction is defined) %}
	{% set length = params.LENGTH|default(client.unretract)|default(1.0)|float %}
	{% set speed = params.SPEED|default(client.speed_unretract)|default(35) %}
	{% set absolute_extrude = printer.gcode_move.absolute_extrude %}
	
	{% if printer.toolhead.extruder != '' %}
	{% if printer[printer.toolhead.extruder].can_extrude %}
	{% if use_fw_retract %}
	{% if length < 0 %}
	G10
	{% else %}
	G11
	{% endif %}
	{% else %}
	M83
	G1 E{length} F{(speed|float|abs) * 60}
	{% if absolute_extrude %}
	M82
	{% endif %}
	{% endif %}
	{% else %}
	RESPOND TYPE=echo MSG='{"\"%s\" not hot enough" % printer.toolhead.extruder}'
	{% endif %}
	{% endif %}

[gcode_macro _CLIENT_RETRACT]
description = Retracts, if the extruder is hot enough
gcode = 
	{% set client = printer['gcode_macro _CLIENT_VARIABLE']|default({}) %}
	{% set length = params.LENGTH|default(client.retract)|default(1.0)|float %}
	{% set speed = params.SPEED|default(client.speed_retract)|default(35) %}
	
	_CLIENT_EXTRUDE LENGTH=-{length|float|abs} SPEED={speed|float|abs}

[gcode_macro _CLIENT_LINEAR_MOVE]
description = Linear move with save and restore of the gcode state
gcode = 
	{% set x_move = "X" ~ params.X if params.X is defined else "" %}
	{% set y_move = "Y" ~ params.Y if params.Y is defined else "" %}
	{% set z_move = "Z" ~ params.Z if params.Z is defined else "" %}
	{% set e_move = "E" ~ params.E if params.E is defined else "" %}
	{% set rate = "F" ~ params.F if params.F is defined else "" %}
	{% set ABSOLUTE = params.ABSOLUTE | default(0) | int != 0 %}
	{% set ABSOLUTE_E = params.ABSOLUTE_E | default(0) | int != 0 %}
	SAVE_GCODE_STATE NAME=_client_movement
	{% if x_move or y_move or z_move %}
	G9{ 0 if ABSOLUTE else 1 }
	{% endif %}
	{% if e_move %}
	M8{ 2 if ABSOLUTE_E else 3 }
	{% endif %}
	G1 { x_move } { y_move } { z_move } { e_move } { rate }
	RESTORE_GCODE_STATE NAME=_client_movement

[mcu]
serial = /dev/serial/by-path/platform-xhci-hcd.1-usb-0:2.4.3:1.0-port0

[exclude_object]

[stepper_x]
step_pin = PD7
dir_pin = PC5
enable_pin = !PD6
microsteps = 16
rotation_distance = 32
endstop_pin = ^!PC2
position_endstop = -30
position_max = 220
position_min = -30
homing_speed = 50

[stepper_y]
step_pin = PC6
dir_pin = PC7
enable_pin = !PD6
microsteps = 16
rotation_distance = 32
endstop_pin = ^!PC3
position_endstop = -8
position_min = -8
position_max = 220
homing_speed = 50

[stepper_z]
step_pin = PB3
dir_pin = !PB2
enable_pin = !PA5
microsteps = 16
rotation_distance = 8
endstop_pin = ^!PC4
position_endstop = 0.5
position_max = 240
homing_speed = 20

[extruder]
step_pin = PB1
dir_pin = PB0
enable_pin = !PD6
microsteps = 16
rotation_distance = 33.600
nozzle_diameter = 0.400
filament_diameter = 1.750
heater_pin = PD5
sensor_type = ATC Semitec 104GT-2
sensor_pin = PA7
control = pid
pid_kp = 2.151492
pid_ki = 0.633897
pid_kd = 230.042965
min_temp = 0
max_temp = 250

[heater_bed]
heater_pin = PD4
sensor_type = ATC Semitec 104GT-2
sensor_pin = PA6
control = watermark
min_temp = 0
max_temp = 130

[fan]
pin = PB4

[printer]
kinematics = cartesian
max_velocity = 300
max_accel = 1000
max_z_velocity = 20
max_z_accel = 100

[display]
lcd_type = hd44780
rs_pin = PA3
e_pin = PA2
d4_pin = PD2
d5_pin = PD3
d6_pin = PC0
d7_pin = PC1
up_pin = PA1
analog_range_up_pin = 9000, 13000
down_pin = PA1
analog_range_down_pin = 800, 1300
click_pin = PA1
analog_range_click_pin = 2000, 2500
back_pin = PA1
analog_range_back_pin = 4500, 5000
=======================
Extruder max_extrude_ratio=0.266081
mcu 'mcu': Starting serial connect
mcu 'mcu': Unable to open serial port: [Errno 11] Could not exclusively lock port /dev/serial/by-path/platform-xhci-hcd.1-usb-0:2.4.3:1.0-port0: [Errno 11] Resource temporarily unavailable
webhooks client 4121034400: New connection
webhooks client 4121034400: Client info {'program': 'Moonraker', 'version': 'v0.10.0-9-g3fbe6ee'}
mcu 'mcu': Unable to open serial port: [Errno 11] Could not exclusively lock port /dev/serial/by-path/platform-xhci-hcd.1-usb-0:2.4.3:1.0-port0: [Errno 11] Resource temporarily unavailable
mcu 'mcu': Unable to open serial port: [Errno 11] Could not exclusively lock port /dev/serial/by-path/platform-xhci-hcd.1-usb-0:2.4.3:1.0-port0: [Errno 11] Resource temporarily unavailable
mcu 'mcu': Unable to open serial port: [Errno 11] Could not exclusively lock port /dev/serial/by-path/platform-xhci-hcd.1-usb-0:2.4.3:1.0-port0: [Errno 11] Resource temporarily unavailable
mcu 'mcu': Unable to open serial port: [Errno 11] Could not exclusively lock port /dev/serial/by-path/platform-xhci-hcd.1-usb-0:2.4.3:1.0-port0: [Errno 11] Resource temporarily unavailable
mcu 'mcu': Unable to open serial port: [Errno 11] Could not exclusively lock port /dev/serial/by-path/platform-xhci-hcd.1-usb-0:2.4.3:1.0-port0: [Errno 11] Resource temporarily unavailable
mcu 'mcu': Unable to open serial port: [Errno 11] Could not exclusively lock port /dev/serial/by-path/platform-xhci-hcd.1-usb-0:2.4.3:1.0-port0: [Errno 11] Resource temporarily unavailable
mcu 'mcu': Unable to open serial port: [Errno 11] Could not exclusively lock port /dev/serial/by-path/platform-xhci-hcd.1-usb-0:2.4.3:1.0-port0: [Errno 11] Resource temporarily unavailable
mcu 'mcu': Unable to open serial port: [Errno 11] Could not exclusively lock port /dev/serial/by-path/platform-xhci-hcd.1-usb-0:2.4.3:1.0-port0: [Errno 11] Resource temporarily unavailable
mcu 'mcu': Unable to open serial port: [Errno 11] Could not exclusively lock port /dev/serial/by-path/platform-xhci-hcd.1-usb-0:2.4.3:1.0-port0: [Errno 11] Resource temporarily unavailable
mcu 'mcu': Unable to open serial port: [Errno 11] Could not exclusively lock port /dev/serial/by-path/platform-xhci-hcd.1-usb-0:2.4.3:1.0-port0: [Errno 11] Resource temporarily unavailable
mcu 'mcu': Unable to open serial port: [Errno 11] Could not exclusively lock port /dev/serial/by-path/platform-xhci-hcd.1-usb-0:2.4.3:1.0-port0: [Errno 11] Resource temporarily unavailable
mcu 'mcu': Unable to open serial port: [Errno 11] Could not exclusively lock port /dev/serial/by-path/platform-xhci-hcd.1-usb-0:2.4.3:1.0-port0: [Errno 11] Resource temporarily unavailable
mcu 'mcu': Unable to open serial port: [Errno 11] Could not exclusively lock port /dev/serial/by-path/platform-xhci-hcd.1-usb-0:2.4.3:1.0-port0: [Errno 11] Resource temporarily unavailable
mcu 'mcu': Unable to open serial port: [Errno 11] Could not exclusively lock port /dev/serial/by-path/platform-xhci-hcd.1-usb-0:2.4.3:1.0-port0: [Errno 11] Resource temporarily unavailable
mcu 'mcu': Unable to open serial port: [Errno 11] Could not exclusively lock port /dev/serial/by-path/platform-xhci-hcd.1-usb-0:2.4.3:1.0-port0: [Errno 11] Resource temporarily unavailable
mcu 'mcu': Unable to open serial port: [Errno 11] Could not exclusively lock port /dev/serial/by-path/platform-xhci-hcd.1-usb-0:2.4.3:1.0-port0: [Errno 11] Resource temporarily unavailable
Loaded MCU 'mcu' 121 commands (v0.13.0-119-g17b8ce4c6 / gcc: (GCC) 5.4.0 binutils: (GNU Binutils) 2.26.20160125)
MCU 'mcu' config: ADC_MAX=1023 BUS_PINS_spi=PB6,PB5,PB7 BUS_PINS_twi=PC0,PC1 CLOCK_FREQ=16000000 MCU=atmega1284p PWM_MAX=255 RECEIVE_WINDOW=192 RESERVE_PINS_serial=PD0,PD1 SERIAL_BAUD=250000 STATS_SUMSQ_BASE=256 STEPPER_OPTIMIZED_UNSTEP=40 STEPPER_STEP_BOTH_EDGE=1
Sending MCU 'mcu' printer configuration...
Protocol error
Traceback (most recent call last):
  File "/home/pi/klipper/klippy/msgproto.py", line 335, in create_command
    t = mp.name_to_type[name]
        ~~~~~~~~~~~~~~~^^^^^^
KeyError: 'bytes_per_report'

During handling of the above exception, another exception occurred:

Traceback (most recent call last):
  File "/home/pi/klipper/klippy/klippy.py", line 135, in _connect
    cb()
    ~~^^
  File "/home/pi/klipper/klippy/mcu.py", line 1037, in _connect
    self._send_config(None)
    ~~~~~~~~~~~~~~~~~^^^^^^
  File "/home/pi/klipper/klippy/mcu.py", line 1008, in _send_config
    self._serial.send(c)
    ~~~~~~~~~~~~~~~~~^^^
  File "/home/pi/klipper/klippy/serialhdl.py", line 266, in send
    cmd = self.msgparser.create_command(msg)
  File "/home/pi/klipper/klippy/msgproto.py", line 347, in create_command
    self._error("Unable to extract params from: %s", msgname)
    ~~~~~~~~~~~^^^^^^^^^^^^^^^^^^^^^^^^^^^^^^^^^^^^^^^^^^^^^^
  File "/home/pi/klipper/klippy/msgproto.py", line 242, in _error
    raise error(self.warn_prefix + (msg % params))
msgproto.error: mcu 'mcu': Unable to extract params from: query_analog_in
MCU Protocol error

This is frequently caused by running an older version of the
firmware on the MCU(s). Fix by recompiling and flashing the
firmware.

Your Klipper version is: v0.13.0-557-g54c7b65d
MCU(s) which should be updated:
mcu: Current version v0.13.0-119-g17b8ce4c6
Up-to-date MCU(s):
<none>

Once the underlying issue is corrected, use the "RESTART"
command to reload the config and restart the host software.

mcu 'mcu': Unable to extract params from: query_analog_in
Build file /home/pi/klipper/klippy/../.config(1304): Fri Feb 27 14:38:05 2026
========= Last MCU build config =========
CONFIG_LOW_LEVEL_OPTIONS=y
# CONFIG_MACH_AVR is not set
# CONFIG_MACH_ATSAM is not set
# CONFIG_MACH_ATSAMD is not set
# CONFIG_MACH_LPC176X is not set
# CONFIG_MACH_STM32 is not set
# CONFIG_MACH_HC32F460 is not set
# CONFIG_MACH_RPXXXX is not set
# CONFIG_MACH_PRU is not set
# CONFIG_MACH_AR100 is not set
CONFIG_MACH_LINUX=y
# CONFIG_MACH_SIMU is not set
CONFIG_BOARD_DIRECTORY="linux"
CONFIG_CLOCK_FREQ=50000000
CONFIG_LINUX_SELECT=y
CONFIG_USB_VENDOR_ID=0x1d50
CONFIG_USB_DEVICE_ID=0x614e
CONFIG_USB_SERIAL_NUMBER="12345"
CONFIG_WANT_ADC=y
CONFIG_WANT_SPI=y
CONFIG_WANT_SOFTWARE_SPI=y
CONFIG_WANT_I2C=y
CONFIG_WANT_SOFTWARE_I2C=y
CONFIG_WANT_HARD_PWM=y
CONFIG_WANT_BUTTONS=y
CONFIG_WANT_TMCUART=y
CONFIG_WANT_NEOPIXEL=y
CONFIG_WANT_PULSE_COUNTER=y
CONFIG_WANT_ST7920=y
CONFIG_WANT_HD44780=y
CONFIG_WANT_ADXL345=y
CONFIG_WANT_LIS2DW=y
CONFIG_WANT_BMI160=y
CONFIG_WANT_MPU9250=y
CONFIG_WANT_ICM20948=y
CONFIG_WANT_THERMOCOUPLE=y
CONFIG_WANT_HX71X=y
CONFIG_WANT_ADS1220=y
CONFIG_WANT_LDC1612=y
CONFIG_WANT_SENSOR_ANGLE=y
CONFIG_NEED_SENSOR_BULK=y
CONFIG_WANT_TRIGGER_ANALOG=y
CONFIG_NEED_SOS_FILTER=y
CONFIG_CANBUS_FREQUENCY=1000000
CONFIG_INLINE_STEPPER_HACK=y
CONFIG_INITIAL_PINS=""
CONFIG_HAVE_GPIO=y
CONFIG_HAVE_GPIO_ADC=y
CONFIG_HAVE_GPIO_SPI=y
CONFIG_HAVE_GPIO_I2C=y
CONFIG_HAVE_GPIO_HARD_PWM=y
=======================
Build file /home/pi/klipper/klippy/../out/klipper.dict(11644): Fri Feb 27 14:39:28 2026
Last MCU build version: v0.13.0-557-g54c7b65d
Last MCU build tools: gcc: (Raspbian 14.2.0-19+rpi1) 14.2.0 binutils: (GNU Binutils for Raspbian) 2.44
Last MCU build config: ADC_MAX=4095 CLOCK_FREQ=50000000 MCU=linux PCA9685_MAX=4096 PWM_MAX=32768 STATS_SUMSQ_BASE=256 STEPPER_STEP_BOTH_EDGE=1
Build file /home/pi/klipper/klippy/../out/klipper.elf(757644): Fri Feb 27 14:39:30 2026
webhooks client 4121034400: Disconnected
Restarting printer
Start printer at Fri Feb 27 14:46:51 2026 (1772200011.5 381.6)
===== Config file =====
[display_status]

[virtual_sdcard]
path = /home/pi/printer_ANET1_data/gcodes
on_error_gcode = CANCEL_PRINT

[pause_resume]

[respond]

[gcode_macro CANCEL_PRINT]
description = Cancel the actual running print
rename_existing = CANCEL_PRINT_BASE
gcode = 
	
	
	{% if printer.pause_resume.is_paused|lower == 'false' and park|lower == 'true'%}
	_TOOLHEAD_PARK_PAUSE_CANCEL
	{% endif %}
	
	
	
	TURN_OFF_HEATERS
	CANCEL_PRINT_BASE
variable_park = True

[gcode_macro PAUSE]
description = Pause the actual running print
rename_existing = PAUSE_BASE
gcode = 
	PAUSE_BASE
	_TOOLHEAD_PARK_PAUSE_CANCEL

[gcode_macro RESUME]
description = Resume the actual running print
rename_existing = RESUME_BASE
variable_last_extruder_temp = {'restore': False, 'temp': 0}
variable_restore_idle_timeout = 0
variable_idle_state = False
gcode = 
	
	
	{% set extrude = printer['gcode_macro _TOOLHEAD_PARK_PAUSE_CANCEL'].extrude %}
	
	{% if 'VELOCITY' in params|upper %}
	{% set get_params = ('VELOCITY=' + params.VELOCITY)  %}
	{%else %}
	{% set get_params = "" %}
	{% endif %}
	
	{% if printer.extruder.can_extrude|lower == 'true' %}
	M83
	G1 E{extrude} F2100
	{% if printer.gcode_move.absolute_extrude |lower == 'true' %} M82 {% endif %}
	{% else %}
	{action_respond_info("Extruder not hot enough")}
	{% endif %}
	RESUME_BASE {get_params}

[gcode_macro SET_PAUSE_NEXT_LAYER]
description = Enable a pause if the next layer is reached
gcode = 
	{% set pause_next_layer = printer['gcode_macro SET_PRINT_STATS_INFO'].pause_next_layer %}
	{% set ENABLE = params.ENABLE|default(1)|int != 0 %}
	{% set MACRO = params.MACRO|default(pause_next_layer.call, True) %}
	SET_GCODE_VARIABLE MACRO=SET_PRINT_STATS_INFO VARIABLE=pause_next_layer VALUE="{{ 'enable': ENABLE, 'call': MACRO }}"

[gcode_macro SET_PAUSE_AT_LAYER]
description = Enable/disable a pause if a given layer number is reached
gcode = 
	{% set pause_at_layer = printer['gcode_macro SET_PRINT_STATS_INFO'].pause_at_layer %}
	{% set ENABLE = params.ENABLE|int != 0 if params.ENABLE is defined
	else params.LAYER is defined %}
	{% set LAYER = params.LAYER|default(pause_at_layer.layer)|int %}
	{% set MACRO = params.MACRO|default(pause_at_layer.call, True) %}
	SET_GCODE_VARIABLE MACRO=SET_PRINT_STATS_INFO VARIABLE=pause_at_layer VALUE="{{ 'enable': ENABLE, 'layer': LAYER, 'call': MACRO }}"

[gcode_macro SET_PRINT_STATS_INFO]
rename_existing = SET_PRINT_STATS_INFO_BASE
description = Overwrite, to get pause_next_layer and pause_at_layer feature
variable_pause_next_layer = { 'enable': False, 'call': "PAUSE" }
variable_pause_at_layer = { 'enable': False, 'layer': 0, 'call': "PAUSE" }
gcode = 
	{% if pause_next_layer.enable %}
	RESPOND TYPE=echo MSG='{"%s, forced by pause_next_layer" % pause_next_layer.call}'
	{pause_next_layer.call}
	SET_PAUSE_NEXT_LAYER ENABLE=0
	{% elif pause_at_layer.enable and params.CURRENT_LAYER is defined and params.CURRENT_LAYER|int == pause_at_layer.layer %}
	RESPOND TYPE=echo MSG='{"%s, forced by pause_at_layer [%d]" % (pause_at_layer.call, pause_at_layer.layer)}'
	{pause_at_layer.call}
	SET_PAUSE_AT_LAYER ENABLE=0
	{% endif %}
	SET_PRINT_STATS_INFO_BASE {rawparams}

[gcode_macro _TOOLHEAD_PARK_PAUSE_CANCEL]
description = Helper: park toolhead used in PAUSE and CANCEL_PRINT
gcode = 
	
	{% set client = printer['gcode_macro _CLIENT_VARIABLE']|default({}) %}
	{% set velocity = printer.configfile.settings.pause_resume.recover_velocity %}
	{% set use_custom     = client.use_custom_pos|default(false)|lower == 'true' %}
	{% set custom_park_x  = client.custom_park_x|default(0.0) %}
	{% set custom_park_y  = client.custom_park_y|default(0.0) %}
	{% set park_dz        = client.custom_park_dz|default(2.0)|abs %}
	{% set sp_hop         = client.speed_hop|default(15) * 60 %}
	{% set sp_move        = client.speed_move|default(velocity) * 60 %}
	
	{% set origin    = printer.gcode_move.homing_origin %}
	{% set act       = printer.gcode_move.gcode_position %}
	{% set max       = printer.toolhead.axis_maximum %}
	{% set cone      = printer.toolhead.cone_start_z|default(max.z) %}
	{% set round_bed = True if printer.configfile.settings.printer.kinematics is in ['delta','polar','rotary_delta','winch']
	else False %}
	
	{% set z_min = params.Z_MIN|default(0)|float %}
	{% set z_park = [[(act.z + park_dz), z_min]|max, (max.z - origin.z)]|min %}
	{% set x_park = params.X       if params.X is defined
	else custom_park_x  if use_custom
	else 0.0            if round_bed
	else (max.x - 5.0) %}
	{% set y_park = params.Y       if params.Y is defined
	else custom_park_y  if use_custom
	else (max.y - 5.0)  if round_bed and z_park < cone
	else 0.0            if round_bed
	else (max.y - 5.0) %}
	
	_CLIENT_RETRACT
	{% if "xyz" in printer.toolhead.homed_axes %}
	G90
	G1 Z{z_park} F{sp_hop}
	G1 X{x_park} Y{y_park} F{sp_move}
	{% if not printer.gcode_move.absolute_coordinates %} G91 {% endif %}
	{% else %}
	RESPOND TYPE=echo MSG='Printer not homed'
	{% endif %}

[gcode_macro _CLIENT_EXTRUDE]
description = Extrudes, if the extruder is hot enough
gcode = 
	
	{% set client = printer['gcode_macro _CLIENT_VARIABLE']|default({}) %}
	{% set use_fw_retract = (client.use_fw_retract|default(false)|lower == 'true') and (printer.firmware_retraction is defined) %}
	{% set length = params.LENGTH|default(client.unretract)|default(1.0)|float %}
	{% set speed = params.SPEED|default(client.speed_unretract)|default(35) %}
	{% set absolute_extrude = printer.gcode_move.absolute_extrude %}
	
	{% if printer.toolhead.extruder != '' %}
	{% if printer[printer.toolhead.extruder].can_extrude %}
	{% if use_fw_retract %}
	{% if length < 0 %}
	G10
	{% else %}
	G11
	{% endif %}
	{% else %}
	M83
	G1 E{length} F{(speed|float|abs) * 60}
	{% if absolute_extrude %}
	M82
	{% endif %}
	{% endif %}
	{% else %}
	RESPOND TYPE=echo MSG='{"\"%s\" not hot enough" % printer.toolhead.extruder}'
	{% endif %}
	{% endif %}

[gcode_macro _CLIENT_RETRACT]
description = Retracts, if the extruder is hot enough
gcode = 
	{% set client = printer['gcode_macro _CLIENT_VARIABLE']|default({}) %}
	{% set length = params.LENGTH|default(client.retract)|default(1.0)|float %}
	{% set speed = params.SPEED|default(client.speed_retract)|default(35) %}
	
	_CLIENT_EXTRUDE LENGTH=-{length|float|abs} SPEED={speed|float|abs}

[gcode_macro _CLIENT_LINEAR_MOVE]
description = Linear move with save and restore of the gcode state
gcode = 
	{% set x_move = "X" ~ params.X if params.X is defined else "" %}
	{% set y_move = "Y" ~ params.Y if params.Y is defined else "" %}
	{% set z_move = "Z" ~ params.Z if params.Z is defined else "" %}
	{% set e_move = "E" ~ params.E if params.E is defined else "" %}
	{% set rate = "F" ~ params.F if params.F is defined else "" %}
	{% set ABSOLUTE = params.ABSOLUTE | default(0) | int != 0 %}
	{% set ABSOLUTE_E = params.ABSOLUTE_E | default(0) | int != 0 %}
	SAVE_GCODE_STATE NAME=_client_movement
	{% if x_move or y_move or z_move %}
	G9{ 0 if ABSOLUTE else 1 }
	{% endif %}
	{% if e_move %}
	M8{ 2 if ABSOLUTE_E else 3 }
	{% endif %}
	G1 { x_move } { y_move } { z_move } { e_move } { rate }
	RESTORE_GCODE_STATE NAME=_client_movement

[mcu]
serial = /dev/serial/by-path/platform-xhci-hcd.1-usb-0:2.4.3:1.0-port0

[exclude_object]

[stepper_x]
step_pin = PD7
dir_pin = PC5
enable_pin = !PD6
microsteps = 16
rotation_distance = 32
endstop_pin = ^!PC2
position_endstop = -30
position_max = 220
position_min = -30
homing_speed = 50

[stepper_y]
step_pin = PC6
dir_pin = PC7
enable_pin = !PD6
microsteps = 16
rotation_distance = 32
endstop_pin = ^!PC3
position_endstop = -8
position_min = -8
position_max = 220
homing_speed = 50

[stepper_z]
step_pin = PB3
dir_pin = !PB2
enable_pin = !PA5
microsteps = 16
rotation_distance = 8
endstop_pin = ^!PC4
position_endstop = 0.5
position_max = 240
homing_speed = 20

[extruder]
step_pin = PB1
dir_pin = PB0
enable_pin = !PD6
microsteps = 16
rotation_distance = 33.600
nozzle_diameter = 0.400
filament_diameter = 1.750
heater_pin = PD5
sensor_type = ATC Semitec 104GT-2
sensor_pin = PA7
control = pid
pid_kp = 2.151492
pid_ki = 0.633897
pid_kd = 230.042965
min_temp = 0
max_temp = 250

[heater_bed]
heater_pin = PD4
sensor_type = ATC Semitec 104GT-2
sensor_pin = PA6
control = watermark
min_temp = 0
max_temp = 130

[fan]
pin = PB4

[printer]
kinematics = cartesian
max_velocity = 300
max_accel = 1000
max_z_velocity = 20
max_z_accel = 100

[display]
lcd_type = hd44780
rs_pin = PA3
e_pin = PA2
d4_pin = PD2
d5_pin = PD3
d6_pin = PC0
d7_pin = PC1
up_pin = PA1
analog_range_up_pin = 9000, 13000
down_pin = PA1
analog_range_down_pin = 800, 1300
click_pin = PA1
analog_range_click_pin = 2000, 2500
back_pin = PA1
analog_range_back_pin = 4500, 5000
=======================
Extruder max_extrude_ratio=0.266081
mcu 'mcu': Starting serial connect
webhooks client 4070200184: New connection
webhooks client 4070200184: Client info {'program': 'Moonraker', 'version': 'v0.10.0-9-g3fbe6ee'}
mcu 'mcu': got {'oid': 11, 'next_clock': 1585192704, 'value': 7953, '#name': 'analog_in_state', '#sent_time': 382.42414830900003, '#receive_time': 382.433023568}
mcu 'mcu': got {'oid': 11, 'next_clock': 1589992704, 'value': 7952, '#name': 'analog_in_state', '#sent_time': 382.691047438, '#receive_time': 382.735442753}
Loaded MCU 'mcu' 121 commands (v0.13.0-119-g17b8ce4c6 / gcc: (GCC) 5.4.0 binutils: (GNU Binutils) 2.26.20160125)
MCU 'mcu' config: ADC_MAX=1023 BUS_PINS_spi=PB6,PB5,PB7 BUS_PINS_twi=PC0,PC1 CLOCK_FREQ=16000000 MCU=atmega1284p PWM_MAX=255 RECEIVE_WINDOW=192 RESERVE_PINS_serial=PD0,PD1 SERIAL_BAUD=250000 STATS_SUMSQ_BASE=256 STEPPER_OPTIMIZED_UNSTEP=40 STEPPER_STEP_BOTH_EDGE=1
Protocol error
Traceback (most recent call last):
  File "/home/pi/klipper/klippy/msgproto.py", line 335, in create_command
    t = mp.name_to_type[name]
        ~~~~~~~~~~~~~~~^^^^^^
KeyError: 'bytes_per_report'

During handling of the above exception, another exception occurred:

Traceback (most recent call last):
  File "/home/pi/klipper/klippy/klippy.py", line 135, in _connect
    cb()
    ~~^^
  File "/home/pi/klipper/klippy/mcu.py", line 1047, in _connect
    self._send_config(config_params['crc'])
    ~~~~~~~~~~~~~~~~~^^^^^^^^^^^^^^^^^^^^^^
  File "/home/pi/klipper/klippy/mcu.py", line 1008, in _send_config
    self._serial.send(c)
    ~~~~~~~~~~~~~~~~~^^^
  File "/home/pi/klipper/klippy/serialhdl.py", line 266, in send
    cmd = self.msgparser.create_command(msg)
  File "/home/pi/klipper/klippy/msgproto.py", line 347, in create_command
    self._error("Unable to extract params from: %s", msgname)
    ~~~~~~~~~~~^^^^^^^^^^^^^^^^^^^^^^^^^^^^^^^^^^^^^^^^^^^^^^
  File "/home/pi/klipper/klippy/msgproto.py", line 242, in _error
    raise error(self.warn_prefix + (msg % params))
msgproto.error: mcu 'mcu': Unable to extract params from: query_analog_in
MCU Protocol error

This is frequently caused by running an older version of the
firmware on the MCU(s). Fix by recompiling and flashing the
firmware.

Your Klipper version is: v0.13.0-557-g54c7b65d
MCU(s) which should be updated:
mcu: Current version v0.13.0-119-g17b8ce4c6
Up-to-date MCU(s):
<none>

Once the underlying issue is corrected, use the "RESTART"
command to reload the config and restart the host software.

mcu 'mcu': Unable to extract params from: query_analog_in
Build file /home/pi/klipper/klippy/../.config(1304): Fri Feb 27 14:38:05 2026
========= Last MCU build config =========
CONFIG_LOW_LEVEL_OPTIONS=y
# CONFIG_MACH_AVR is not set
# CONFIG_MACH_ATSAM is not set
# CONFIG_MACH_ATSAMD is not set
# CONFIG_MACH_LPC176X is not set
# CONFIG_MACH_STM32 is not set
# CONFIG_MACH_HC32F460 is not set
# CONFIG_MACH_RPXXXX is not set
# CONFIG_MACH_PRU is not set
# CONFIG_MACH_AR100 is not set
CONFIG_MACH_LINUX=y
# CONFIG_MACH_SIMU is not set
CONFIG_BOARD_DIRECTORY="linux"
CONFIG_CLOCK_FREQ=50000000
CONFIG_LINUX_SELECT=y
CONFIG_USB_VENDOR_ID=0x1d50
CONFIG_USB_DEVICE_ID=0x614e
CONFIG_USB_SERIAL_NUMBER="12345"
CONFIG_WANT_ADC=y
CONFIG_WANT_SPI=y
CONFIG_WANT_SOFTWARE_SPI=y
CONFIG_WANT_I2C=y
CONFIG_WANT_SOFTWARE_I2C=y
CONFIG_WANT_HARD_PWM=y
CONFIG_WANT_BUTTONS=y
CONFIG_WANT_TMCUART=y
CONFIG_WANT_NEOPIXEL=y
CONFIG_WANT_PULSE_COUNTER=y
CONFIG_WANT_ST7920=y
CONFIG_WANT_HD44780=y
CONFIG_WANT_ADXL345=y
CONFIG_WANT_LIS2DW=y
CONFIG_WANT_BMI160=y
CONFIG_WANT_MPU9250=y
CONFIG_WANT_ICM20948=y
CONFIG_WANT_THERMOCOUPLE=y
CONFIG_WANT_HX71X=y
CONFIG_WANT_ADS1220=y
CONFIG_WANT_LDC1612=y
CONFIG_WANT_SENSOR_ANGLE=y
CONFIG_NEED_SENSOR_BULK=y
CONFIG_WANT_TRIGGER_ANALOG=y
CONFIG_NEED_SOS_FILTER=y
CONFIG_CANBUS_FREQUENCY=1000000
CONFIG_INLINE_STEPPER_HACK=y
CONFIG_INITIAL_PINS=""
CONFIG_HAVE_GPIO=y
CONFIG_HAVE_GPIO_ADC=y
CONFIG_HAVE_GPIO_SPI=y
CONFIG_HAVE_GPIO_I2C=y
CONFIG_HAVE_GPIO_HARD_PWM=y
=======================
Build file /home/pi/klipper/klippy/../out/klipper.dict(11644): Fri Feb 27 14:39:28 2026
Last MCU build version: v0.13.0-557-g54c7b65d
Last MCU build tools: gcc: (Raspbian 14.2.0-19+rpi1) 14.2.0 binutils: (GNU Binutils for Raspbian) 2.44
Last MCU build config: ADC_MAX=4095 CLOCK_FREQ=50000000 MCU=linux PCA9685_MAX=4096 PWM_MAX=32768 STATS_SUMSQ_BASE=256 STEPPER_STEP_BOTH_EDGE=1
Build file /home/pi/klipper/klippy/../out/klipper.elf(757644): Fri Feb 27 14:39:30 2026
Attempting MCU 'mcu' reset
webhooks client 4070200184: Disconnected
Restarting printer
Start printer at Fri Feb 27 14:51:34 2026 (1772200294.8 664.9)
===== Config file =====
[display_status]

[virtual_sdcard]
path = /home/pi/printer_ANET1_data/gcodes
on_error_gcode = CANCEL_PRINT

[pause_resume]

[respond]

[gcode_macro CANCEL_PRINT]
description = Cancel the actual running print
rename_existing = CANCEL_PRINT_BASE
gcode = 
	
	
	{% if printer.pause_resume.is_paused|lower == 'false' and park|lower == 'true'%}
	_TOOLHEAD_PARK_PAUSE_CANCEL
	{% endif %}
	
	
	
	TURN_OFF_HEATERS
	CANCEL_PRINT_BASE
variable_park = True

[gcode_macro PAUSE]
description = Pause the actual running print
rename_existing = PAUSE_BASE
gcode = 
	PAUSE_BASE
	_TOOLHEAD_PARK_PAUSE_CANCEL

[gcode_macro RESUME]
description = Resume the actual running print
rename_existing = RESUME_BASE
variable_last_extruder_temp = {'restore': False, 'temp': 0}
variable_restore_idle_timeout = 0
variable_idle_state = False
gcode = 
	
	
	{% set extrude = printer['gcode_macro _TOOLHEAD_PARK_PAUSE_CANCEL'].extrude %}
	
	{% if 'VELOCITY' in params|upper %}
	{% set get_params = ('VELOCITY=' + params.VELOCITY)  %}
	{%else %}
	{% set get_params = "" %}
	{% endif %}
	
	{% if printer.extruder.can_extrude|lower == 'true' %}
	M83
	G1 E{extrude} F2100
	{% if printer.gcode_move.absolute_extrude |lower == 'true' %} M82 {% endif %}
	{% else %}
	{action_respond_info("Extruder not hot enough")}
	{% endif %}
	RESUME_BASE {get_params}

[gcode_macro SET_PAUSE_NEXT_LAYER]
description = Enable a pause if the next layer is reached
gcode = 
	{% set pause_next_layer = printer['gcode_macro SET_PRINT_STATS_INFO'].pause_next_layer %}
	{% set ENABLE = params.ENABLE|default(1)|int != 0 %}
	{% set MACRO = params.MACRO|default(pause_next_layer.call, True) %}
	SET_GCODE_VARIABLE MACRO=SET_PRINT_STATS_INFO VARIABLE=pause_next_layer VALUE="{{ 'enable': ENABLE, 'call': MACRO }}"

[gcode_macro SET_PAUSE_AT_LAYER]
description = Enable/disable a pause if a given layer number is reached
gcode = 
	{% set pause_at_layer = printer['gcode_macro SET_PRINT_STATS_INFO'].pause_at_layer %}
	{% set ENABLE = params.ENABLE|int != 0 if params.ENABLE is defined
	else params.LAYER is defined %}
	{% set LAYER = params.LAYER|default(pause_at_layer.layer)|int %}
	{% set MACRO = params.MACRO|default(pause_at_layer.call, True) %}
	SET_GCODE_VARIABLE MACRO=SET_PRINT_STATS_INFO VARIABLE=pause_at_layer VALUE="{{ 'enable': ENABLE, 'layer': LAYER, 'call': MACRO }}"

[gcode_macro SET_PRINT_STATS_INFO]
rename_existing = SET_PRINT_STATS_INFO_BASE
description = Overwrite, to get pause_next_layer and pause_at_layer feature
variable_pause_next_layer = { 'enable': False, 'call': "PAUSE" }
variable_pause_at_layer = { 'enable': False, 'layer': 0, 'call': "PAUSE" }
gcode = 
	{% if pause_next_layer.enable %}
	RESPOND TYPE=echo MSG='{"%s, forced by pause_next_layer" % pause_next_layer.call}'
	{pause_next_layer.call}
	SET_PAUSE_NEXT_LAYER ENABLE=0
	{% elif pause_at_layer.enable and params.CURRENT_LAYER is defined and params.CURRENT_LAYER|int == pause_at_layer.layer %}
	RESPOND TYPE=echo MSG='{"%s, forced by pause_at_layer [%d]" % (pause_at_layer.call, pause_at_layer.layer)}'
	{pause_at_layer.call}
	SET_PAUSE_AT_LAYER ENABLE=0
	{% endif %}
	SET_PRINT_STATS_INFO_BASE {rawparams}

[gcode_macro _TOOLHEAD_PARK_PAUSE_CANCEL]
description = Helper: park toolhead used in PAUSE and CANCEL_PRINT
gcode = 
	
	{% set client = printer['gcode_macro _CLIENT_VARIABLE']|default({}) %}
	{% set velocity = printer.configfile.settings.pause_resume.recover_velocity %}
	{% set use_custom     = client.use_custom_pos|default(false)|lower == 'true' %}
	{% set custom_park_x  = client.custom_park_x|default(0.0) %}
	{% set custom_park_y  = client.custom_park_y|default(0.0) %}
	{% set park_dz        = client.custom_park_dz|default(2.0)|abs %}
	{% set sp_hop         = client.speed_hop|default(15) * 60 %}
	{% set sp_move        = client.speed_move|default(velocity) * 60 %}
	
	{% set origin    = printer.gcode_move.homing_origin %}
	{% set act       = printer.gcode_move.gcode_position %}
	{% set max       = printer.toolhead.axis_maximum %}
	{% set cone      = printer.toolhead.cone_start_z|default(max.z) %}
	{% set round_bed = True if printer.configfile.settings.printer.kinematics is in ['delta','polar','rotary_delta','winch']
	else False %}
	
	{% set z_min = params.Z_MIN|default(0)|float %}
	{% set z_park = [[(act.z + park_dz), z_min]|max, (max.z - origin.z)]|min %}
	{% set x_park = params.X       if params.X is defined
	else custom_park_x  if use_custom
	else 0.0            if round_bed
	else (max.x - 5.0) %}
	{% set y_park = params.Y       if params.Y is defined
	else custom_park_y  if use_custom
	else (max.y - 5.0)  if round_bed and z_park < cone
	else 0.0            if round_bed
	else (max.y - 5.0) %}
	
	_CLIENT_RETRACT
	{% if "xyz" in printer.toolhead.homed_axes %}
	G90
	G1 Z{z_park} F{sp_hop}
	G1 X{x_park} Y{y_park} F{sp_move}
	{% if not printer.gcode_move.absolute_coordinates %} G91 {% endif %}
	{% else %}
	RESPOND TYPE=echo MSG='Printer not homed'
	{% endif %}

[gcode_macro _CLIENT_EXTRUDE]
description = Extrudes, if the extruder is hot enough
gcode = 
	
	{% set client = printer['gcode_macro _CLIENT_VARIABLE']|default({}) %}
	{% set use_fw_retract = (client.use_fw_retract|default(false)|lower == 'true') and (printer.firmware_retraction is defined) %}
	{% set length = params.LENGTH|default(client.unretract)|default(1.0)|float %}
	{% set speed = params.SPEED|default(client.speed_unretract)|default(35) %}
	{% set absolute_extrude = printer.gcode_move.absolute_extrude %}
	
	{% if printer.toolhead.extruder != '' %}
	{% if printer[printer.toolhead.extruder].can_extrude %}
	{% if use_fw_retract %}
	{% if length < 0 %}
	G10
	{% else %}
	G11
	{% endif %}
	{% else %}
	M83
	G1 E{length} F{(speed|float|abs) * 60}
	{% if absolute_extrude %}
	M82
	{% endif %}
	{% endif %}
	{% else %}
	RESPOND TYPE=echo MSG='{"\"%s\" not hot enough" % printer.toolhead.extruder}'
	{% endif %}
	{% endif %}

[gcode_macro _CLIENT_RETRACT]
description = Retracts, if the extruder is hot enough
gcode = 
	{% set client = printer['gcode_macro _CLIENT_VARIABLE']|default({}) %}
	{% set length = params.LENGTH|default(client.retract)|default(1.0)|float %}
	{% set speed = params.SPEED|default(client.speed_retract)|default(35) %}
	
	_CLIENT_EXTRUDE LENGTH=-{length|float|abs} SPEED={speed|float|abs}

[gcode_macro _CLIENT_LINEAR_MOVE]
description = Linear move with save and restore of the gcode state
gcode = 
	{% set x_move = "X" ~ params.X if params.X is defined else "" %}
	{% set y_move = "Y" ~ params.Y if params.Y is defined else "" %}
	{% set z_move = "Z" ~ params.Z if params.Z is defined else "" %}
	{% set e_move = "E" ~ params.E if params.E is defined else "" %}
	{% set rate = "F" ~ params.F if params.F is defined else "" %}
	{% set ABSOLUTE = params.ABSOLUTE | default(0) | int != 0 %}
	{% set ABSOLUTE_E = params.ABSOLUTE_E | default(0) | int != 0 %}
	SAVE_GCODE_STATE NAME=_client_movement
	{% if x_move or y_move or z_move %}
	G9{ 0 if ABSOLUTE else 1 }
	{% endif %}
	{% if e_move %}
	M8{ 2 if ABSOLUTE_E else 3 }
	{% endif %}
	G1 { x_move } { y_move } { z_move } { e_move } { rate }
	RESTORE_GCODE_STATE NAME=_client_movement

[mcu]
serial = /dev/serial/by-id/usb-1a86_USB2.0-Serial-if00-port0

[exclude_object]

[stepper_x]
step_pin = PD7
dir_pin = PC5
enable_pin = !PD6
microsteps = 16
rotation_distance = 32
endstop_pin = ^!PC2
position_endstop = -30
position_max = 220
position_min = -30
homing_speed = 50

[stepper_y]
step_pin = PC6
dir_pin = PC7
enable_pin = !PD6
microsteps = 16
rotation_distance = 32
endstop_pin = ^!PC3
position_endstop = -8
position_min = -8
position_max = 220
homing_speed = 50

[stepper_z]
step_pin = PB3
dir_pin = !PB2
enable_pin = !PA5
microsteps = 16
rotation_distance = 8
endstop_pin = ^!PC4
position_endstop = 0.5
position_max = 240
homing_speed = 20

[extruder]
step_pin = PB1
dir_pin = PB0
enable_pin = !PD6
microsteps = 16
rotation_distance = 33.600
nozzle_diameter = 0.400
filament_diameter = 1.750
heater_pin = PD5
sensor_type = ATC Semitec 104GT-2
sensor_pin = PA7
control = pid
pid_kp = 2.151492
pid_ki = 0.633897
pid_kd = 230.042965
min_temp = 0
max_temp = 250

[heater_bed]
heater_pin = PD4
sensor_type = ATC Semitec 104GT-2
sensor_pin = PA6
control = watermark
min_temp = 0
max_temp = 130

[fan]
pin = PB4

[printer]
kinematics = cartesian
max_velocity = 300
max_accel = 1000
max_z_velocity = 20
max_z_accel = 100

[display]
lcd_type = hd44780
rs_pin = PA3
e_pin = PA2
d4_pin = PD2
d5_pin = PD3
d6_pin = PC0
d7_pin = PC1
up_pin = PA1
analog_range_up_pin = 9000, 13000
down_pin = PA1
analog_range_down_pin = 800, 1300
click_pin = PA1
analog_range_click_pin = 2000, 2500
back_pin = PA1
analog_range_back_pin = 4500, 5000
=======================
Extruder max_extrude_ratio=0.266081
mcu 'mcu': Starting serial connect
webhooks client 4070166912: New connection
webhooks client 4070166912: Client info {'program': 'Moonraker', 'version': 'v0.10.0-9-g3fbe6ee'}
webhooks client 4070166912: Disconnected
Restarting printer
Start printer at Fri Feb 27 14:51:40 2026 (1772200300.3 670.4)
===== Config file =====
[display_status]

[virtual_sdcard]
path = /home/pi/printer_ANET1_data/gcodes
on_error_gcode = CANCEL_PRINT

[pause_resume]

[respond]

[gcode_macro CANCEL_PRINT]
description = Cancel the actual running print
rename_existing = CANCEL_PRINT_BASE
gcode = 
	
	
	{% if printer.pause_resume.is_paused|lower == 'false' and park|lower == 'true'%}
	_TOOLHEAD_PARK_PAUSE_CANCEL
	{% endif %}
	
	
	
	TURN_OFF_HEATERS
	CANCEL_PRINT_BASE
variable_park = True

[gcode_macro PAUSE]
description = Pause the actual running print
rename_existing = PAUSE_BASE
gcode = 
	PAUSE_BASE
	_TOOLHEAD_PARK_PAUSE_CANCEL

[gcode_macro RESUME]
description = Resume the actual running print
rename_existing = RESUME_BASE
variable_last_extruder_temp = {'restore': False, 'temp': 0}
variable_restore_idle_timeout = 0
variable_idle_state = False
gcode = 
	
	
	{% set extrude = printer['gcode_macro _TOOLHEAD_PARK_PAUSE_CANCEL'].extrude %}
	
	{% if 'VELOCITY' in params|upper %}
	{% set get_params = ('VELOCITY=' + params.VELOCITY)  %}
	{%else %}
	{% set get_params = "" %}
	{% endif %}
	
	{% if printer.extruder.can_extrude|lower == 'true' %}
	M83
	G1 E{extrude} F2100
	{% if printer.gcode_move.absolute_extrude |lower == 'true' %} M82 {% endif %}
	{% else %}
	{action_respond_info("Extruder not hot enough")}
	{% endif %}
	RESUME_BASE {get_params}

[gcode_macro SET_PAUSE_NEXT_LAYER]
description = Enable a pause if the next layer is reached
gcode = 
	{% set pause_next_layer = printer['gcode_macro SET_PRINT_STATS_INFO'].pause_next_layer %}
	{% set ENABLE = params.ENABLE|default(1)|int != 0 %}
	{% set MACRO = params.MACRO|default(pause_next_layer.call, True) %}
	SET_GCODE_VARIABLE MACRO=SET_PRINT_STATS_INFO VARIABLE=pause_next_layer VALUE="{{ 'enable': ENABLE, 'call': MACRO }}"

[gcode_macro SET_PAUSE_AT_LAYER]
description = Enable/disable a pause if a given layer number is reached
gcode = 
	{% set pause_at_layer = printer['gcode_macro SET_PRINT_STATS_INFO'].pause_at_layer %}
	{% set ENABLE = params.ENABLE|int != 0 if params.ENABLE is defined
	else params.LAYER is defined %}
	{% set LAYER = params.LAYER|default(pause_at_layer.layer)|int %}
	{% set MACRO = params.MACRO|default(pause_at_layer.call, True) %}
	SET_GCODE_VARIABLE MACRO=SET_PRINT_STATS_INFO VARIABLE=pause_at_layer VALUE="{{ 'enable': ENABLE, 'layer': LAYER, 'call': MACRO }}"

[gcode_macro SET_PRINT_STATS_INFO]
rename_existing = SET_PRINT_STATS_INFO_BASE
description = Overwrite, to get pause_next_layer and pause_at_layer feature
variable_pause_next_layer = { 'enable': False, 'call': "PAUSE" }
variable_pause_at_layer = { 'enable': False, 'layer': 0, 'call': "PAUSE" }
gcode = 
	{% if pause_next_layer.enable %}
	RESPOND TYPE=echo MSG='{"%s, forced by pause_next_layer" % pause_next_layer.call}'
	{pause_next_layer.call}
	SET_PAUSE_NEXT_LAYER ENABLE=0
	{% elif pause_at_layer.enable and params.CURRENT_LAYER is defined and params.CURRENT_LAYER|int == pause_at_layer.layer %}
	RESPOND TYPE=echo MSG='{"%s, forced by pause_at_layer [%d]" % (pause_at_layer.call, pause_at_layer.layer)}'
	{pause_at_layer.call}
	SET_PAUSE_AT_LAYER ENABLE=0
	{% endif %}
	SET_PRINT_STATS_INFO_BASE {rawparams}

[gcode_macro _TOOLHEAD_PARK_PAUSE_CANCEL]
description = Helper: park toolhead used in PAUSE and CANCEL_PRINT
gcode = 
	
	{% set client = printer['gcode_macro _CLIENT_VARIABLE']|default({}) %}
	{% set velocity = printer.configfile.settings.pause_resume.recover_velocity %}
	{% set use_custom     = client.use_custom_pos|default(false)|lower == 'true' %}
	{% set custom_park_x  = client.custom_park_x|default(0.0) %}
	{% set custom_park_y  = client.custom_park_y|default(0.0) %}
	{% set park_dz        = client.custom_park_dz|default(2.0)|abs %}
	{% set sp_hop         = client.speed_hop|default(15) * 60 %}
	{% set sp_move        = client.speed_move|default(velocity) * 60 %}
	
	{% set origin    = printer.gcode_move.homing_origin %}
	{% set act       = printer.gcode_move.gcode_position %}
	{% set max       = printer.toolhead.axis_maximum %}
	{% set cone      = printer.toolhead.cone_start_z|default(max.z) %}
	{% set round_bed = True if printer.configfile.settings.printer.kinematics is in ['delta','polar','rotary_delta','winch']
	else False %}
	
	{% set z_min = params.Z_MIN|default(0)|float %}
	{% set z_park = [[(act.z + park_dz), z_min]|max, (max.z - origin.z)]|min %}
	{% set x_park = params.X       if params.X is defined
	else custom_park_x  if use_custom
	else 0.0            if round_bed
	else (max.x - 5.0) %}
	{% set y_park = params.Y       if params.Y is defined
	else custom_park_y  if use_custom
	else (max.y - 5.0)  if round_bed and z_park < cone
	else 0.0            if round_bed
	else (max.y - 5.0) %}
	
	_CLIENT_RETRACT
	{% if "xyz" in printer.toolhead.homed_axes %}
	G90
	G1 Z{z_park} F{sp_hop}
	G1 X{x_park} Y{y_park} F{sp_move}
	{% if not printer.gcode_move.absolute_coordinates %} G91 {% endif %}
	{% else %}
	RESPOND TYPE=echo MSG='Printer not homed'
	{% endif %}

[gcode_macro _CLIENT_EXTRUDE]
description = Extrudes, if the extruder is hot enough
gcode = 
	
	{% set client = printer['gcode_macro _CLIENT_VARIABLE']|default({}) %}
	{% set use_fw_retract = (client.use_fw_retract|default(false)|lower == 'true') and (printer.firmware_retraction is defined) %}
	{% set length = params.LENGTH|default(client.unretract)|default(1.0)|float %}
	{% set speed = params.SPEED|default(client.speed_unretract)|default(35) %}
	{% set absolute_extrude = printer.gcode_move.absolute_extrude %}
	
	{% if printer.toolhead.extruder != '' %}
	{% if printer[printer.toolhead.extruder].can_extrude %}
	{% if use_fw_retract %}
	{% if length < 0 %}
	G10
	{% else %}
	G11
	{% endif %}
	{% else %}
	M83
	G1 E{length} F{(speed|float|abs) * 60}
	{% if absolute_extrude %}
	M82
	{% endif %}
	{% endif %}
	{% else %}
	RESPOND TYPE=echo MSG='{"\"%s\" not hot enough" % printer.toolhead.extruder}'
	{% endif %}
	{% endif %}

[gcode_macro _CLIENT_RETRACT]
description = Retracts, if the extruder is hot enough
gcode = 
	{% set client = printer['gcode_macro _CLIENT_VARIABLE']|default({}) %}
	{% set length = params.LENGTH|default(client.retract)|default(1.0)|float %}
	{% set speed = params.SPEED|default(client.speed_retract)|default(35) %}
	
	_CLIENT_EXTRUDE LENGTH=-{length|float|abs} SPEED={speed|float|abs}

[gcode_macro _CLIENT_LINEAR_MOVE]
description = Linear move with save and restore of the gcode state
gcode = 
	{% set x_move = "X" ~ params.X if params.X is defined else "" %}
	{% set y_move = "Y" ~ params.Y if params.Y is defined else "" %}
	{% set z_move = "Z" ~ params.Z if params.Z is defined else "" %}
	{% set e_move = "E" ~ params.E if params.E is defined else "" %}
	{% set rate = "F" ~ params.F if params.F is defined else "" %}
	{% set ABSOLUTE = params.ABSOLUTE | default(0) | int != 0 %}
	{% set ABSOLUTE_E = params.ABSOLUTE_E | default(0) | int != 0 %}
	SAVE_GCODE_STATE NAME=_client_movement
	{% if x_move or y_move or z_move %}
	G9{ 0 if ABSOLUTE else 1 }
	{% endif %}
	{% if e_move %}
	M8{ 2 if ABSOLUTE_E else 3 }
	{% endif %}
	G1 { x_move } { y_move } { z_move } { e_move } { rate }
	RESTORE_GCODE_STATE NAME=_client_movement

[mcu]
serial = /dev/serial/by-id/usb-1a86_USB2.0-Serial-if00-port0

[exclude_object]

[stepper_x]
step_pin = PD7
dir_pin = PC5
enable_pin = !PD6
microsteps = 16
rotation_distance = 32
endstop_pin = ^!PC2
position_endstop = -30
position_max = 220
position_min = -30
homing_speed = 50

[stepper_y]
step_pin = PC6
dir_pin = PC7
enable_pin = !PD6
microsteps = 16
rotation_distance = 32
endstop_pin = ^!PC3
position_endstop = -8
position_min = -8
position_max = 220
homing_speed = 50

[stepper_z]
step_pin = PB3
dir_pin = !PB2
enable_pin = !PA5
microsteps = 16
rotation_distance = 8
endstop_pin = ^!PC4
position_endstop = 0.5
position_max = 240
homing_speed = 20

[extruder]
step_pin = PB1
dir_pin = PB0
enable_pin = !PD6
microsteps = 16
rotation_distance = 33.600
nozzle_diameter = 0.400
filament_diameter = 1.750
heater_pin = PD5
sensor_type = ATC Semitec 104GT-2
sensor_pin = PA7
control = pid
pid_kp = 2.151492
pid_ki = 0.633897
pid_kd = 230.042965
min_temp = 0
max_temp = 250

[heater_bed]
heater_pin = PD4
sensor_type = ATC Semitec 104GT-2
sensor_pin = PA6
control = watermark
min_temp = 0
max_temp = 130

[fan]
pin = PB4

[printer]
kinematics = cartesian
max_velocity = 300
max_accel = 1000
max_z_velocity = 20
max_z_accel = 100

[display]
lcd_type = hd44780
rs_pin = PA3
e_pin = PA2
d4_pin = PD2
d5_pin = PD3
d6_pin = PC0
d7_pin = PC1
up_pin = PA1
analog_range_up_pin = 9000, 13000
down_pin = PA1
analog_range_down_pin = 800, 1300
click_pin = PA1
analog_range_click_pin = 2000, 2500
back_pin = PA1
analog_range_back_pin = 4500, 5000
=======================
Extruder max_extrude_ratio=0.266081
mcu 'mcu': Starting serial connect
webhooks client 4070161264: New connection
webhooks client 4070161264: Client info {'program': 'Moonraker', 'version': 'v0.10.0-9-g3fbe6ee'}
mcu 'mcu': Timeout on connect
mcu 'mcu': Wait for identify_response
Traceback (most recent call last):
  File "/home/pi/klipper/klippy/serialhdl.py", line 75, in _get_identify_data
    params = self.send_with_response(msg, 'identify_response')
  File "/home/pi/klipper/klippy/serialhdl.py", line 271, in send_with_response
    return src.get_response([cmd], self.default_cmd_queue)
           ~~~~~~~~~~~~~~~~^^^^^^^^^^^^^^^^^^^^^^^^^^^^^^^
  File "/home/pi/klipper/klippy/serialhdl.py", line 331, in get_response
    self.serial.raw_send_wait_ack(cmds[-1], minclock, reqclock,
    ~~~~~~~~~~~~~~~~~~~~~~~~~~~~~^^^^^^^^^^^^^^^^^^^^^^^^^^^^^^
                                  cmd_queue)
                                  ^^^^^^^^^^
  File "/home/pi/klipper/klippy/serialhdl.py", line 263, in raw_send_wait_ack
    self._error("Serial connection closed")
    ~~~~~~~~~~~^^^^^^^^^^^^^^^^^^^^^^^^^^^^
  File "/home/pi/klipper/klippy/serialhdl.py", line 68, in _error
    raise error(self.warn_prefix + (msg % params))
serialhdl.error: mcu 'mcu': Serial connection closed
mcu 'mcu': Timeout on connect
mcu 'mcu': Wait for identify_response
Traceback (most recent call last):
  File "/home/pi/klipper/klippy/serialhdl.py", line 75, in _get_identify_data
    params = self.send_with_response(msg, 'identify_response')
  File "/home/pi/klipper/klippy/serialhdl.py", line 271, in send_with_response
    return src.get_response([cmd], self.default_cmd_queue)
           ~~~~~~~~~~~~~~~~^^^^^^^^^^^^^^^^^^^^^^^^^^^^^^^
  File "/home/pi/klipper/klippy/serialhdl.py", line 331, in get_response
    self.serial.raw_send_wait_ack(cmds[-1], minclock, reqclock,
    ~~~~~~~~~~~~~~~~~~~~~~~~~~~~~^^^^^^^^^^^^^^^^^^^^^^^^^^^^^^
                                  cmd_queue)
                                  ^^^^^^^^^^
  File "/home/pi/klipper/klippy/serialhdl.py", line 263, in raw_send_wait_ack
    self._error("Serial connection closed")
    ~~~~~~~~~~~^^^^^^^^^^^^^^^^^^^^^^^^^^^^
  File "/home/pi/klipper/klippy/serialhdl.py", line 68, in _error
    raise error(self.warn_prefix + (msg % params))
serialhdl.error: mcu 'mcu': Serial connection closed
mcu 'mcu': Timeout on connect
mcu 'mcu': Wait for identify_response
Traceback (most recent call last):
  File "/home/pi/klipper/klippy/serialhdl.py", line 75, in _get_identify_data
    params = self.send_with_response(msg, 'identify_response')
  File "/home/pi/klipper/klippy/serialhdl.py", line 271, in send_with_response
    return src.get_response([cmd], self.default_cmd_queue)
           ~~~~~~~~~~~~~~~~^^^^^^^^^^^^^^^^^^^^^^^^^^^^^^^
  File "/home/pi/klipper/klippy/serialhdl.py", line 331, in get_response
    self.serial.raw_send_wait_ack(cmds[-1], minclock, reqclock,
    ~~~~~~~~~~~~~~~~~~~~~~~~~~~~~^^^^^^^^^^^^^^^^^^^^^^^^^^^^^^
                                  cmd_queue)
                                  ^^^^^^^^^^
  File "/home/pi/klipper/klippy/serialhdl.py", line 263, in raw_send_wait_ack
    self._error("Serial connection closed")
    ~~~~~~~~~~~^^^^^^^^^^^^^^^^^^^^^^^^^^^^
  File "/home/pi/klipper/klippy/serialhdl.py", line 68, in _error
    raise error(self.warn_prefix + (msg % params))
serialhdl.error: mcu 'mcu': Serial connection closed
mcu 'mcu': Timeout on connect
mcu 'mcu': Wait for identify_response
Traceback (most recent call last):
  File "/home/pi/klipper/klippy/serialhdl.py", line 75, in _get_identify_data
    params = self.send_with_response(msg, 'identify_response')
  File "/home/pi/klipper/klippy/serialhdl.py", line 271, in send_with_response
    return src.get_response([cmd], self.default_cmd_queue)
           ~~~~~~~~~~~~~~~~^^^^^^^^^^^^^^^^^^^^^^^^^^^^^^^
  File "/home/pi/klipper/klippy/serialhdl.py", line 331, in get_response
    self.serial.raw_send_wait_ack(cmds[-1], minclock, reqclock,
    ~~~~~~~~~~~~~~~~~~~~~~~~~~~~~^^^^^^^^^^^^^^^^^^^^^^^^^^^^^^
                                  cmd_queue)
                                  ^^^^^^^^^^
  File "/home/pi/klipper/klippy/serialhdl.py", line 263, in raw_send_wait_ack
    self._error("Serial connection closed")
    ~~~~~~~~~~~^^^^^^^^^^^^^^^^^^^^^^^^^^^^
  File "/home/pi/klipper/klippy/serialhdl.py", line 68, in _error
    raise error(self.warn_prefix + (msg % params))
serialhdl.error: mcu 'mcu': Serial connection closed
mcu 'mcu': Timeout on connect
mcu 'mcu': Wait for identify_response
Traceback (most recent call last):
  File "/home/pi/klipper/klippy/serialhdl.py", line 75, in _get_identify_data
    params = self.send_with_response(msg, 'identify_response')
  File "/home/pi/klipper/klippy/serialhdl.py", line 271, in send_with_response
    return src.get_response([cmd], self.default_cmd_queue)
           ~~~~~~~~~~~~~~~~^^^^^^^^^^^^^^^^^^^^^^^^^^^^^^^
  File "/home/pi/klipper/klippy/serialhdl.py", line 331, in get_response
    self.serial.raw_send_wait_ack(cmds[-1], minclock, reqclock,
    ~~~~~~~~~~~~~~~~~~~~~~~~~~~~~^^^^^^^^^^^^^^^^^^^^^^^^^^^^^^
                                  cmd_queue)
                                  ^^^^^^^^^^
  File "/home/pi/klipper/klippy/serialhdl.py", line 263, in raw_send_wait_ack
    self._error("Serial connection closed")
    ~~~~~~~~~~~^^^^^^^^^^^^^^^^^^^^^^^^^^^^
  File "/home/pi/klipper/klippy/serialhdl.py", line 68, in _error
    raise error(self.warn_prefix + (msg % params))
serialhdl.error: mcu 'mcu': Serial connection closed
mcu 'mcu': Timeout on connect
mcu 'mcu': Wait for identify_response
Traceback (most recent call last):
  File "/home/pi/klipper/klippy/serialhdl.py", line 75, in _get_identify_data
    params = self.send_with_response(msg, 'identify_response')
  File "/home/pi/klipper/klippy/serialhdl.py", line 271, in send_with_response
    return src.get_response([cmd], self.default_cmd_queue)
           ~~~~~~~~~~~~~~~~^^^^^^^^^^^^^^^^^^^^^^^^^^^^^^^
  File "/home/pi/klipper/klippy/serialhdl.py", line 331, in get_response
    self.serial.raw_send_wait_ack(cmds[-1], minclock, reqclock,
    ~~~~~~~~~~~~~~~~~~~~~~~~~~~~~^^^^^^^^^^^^^^^^^^^^^^^^^^^^^^
                                  cmd_queue)
                                  ^^^^^^^^^^
  File "/home/pi/klipper/klippy/serialhdl.py", line 263, in raw_send_wait_ack
    self._error("Serial connection closed")
    ~~~~~~~~~~~^^^^^^^^^^^^^^^^^^^^^^^^^^^^
  File "/home/pi/klipper/klippy/serialhdl.py", line 68, in _error
    raise error(self.warn_prefix + (msg % params))
serialhdl.error: mcu 'mcu': Serial connection closed
mcu 'mcu': Timeout on connect
mcu 'mcu': Wait for identify_response
Traceback (most recent call last):
  File "/home/pi/klipper/klippy/serialhdl.py", line 75, in _get_identify_data
    params = self.send_with_response(msg, 'identify_response')
  File "/home/pi/klipper/klippy/serialhdl.py", line 271, in send_with_response
    return src.get_response([cmd], self.default_cmd_queue)
           ~~~~~~~~~~~~~~~~^^^^^^^^^^^^^^^^^^^^^^^^^^^^^^^
  File "/home/pi/klipper/klippy/serialhdl.py", line 331, in get_response
    self.serial.raw_send_wait_ack(cmds[-1], minclock, reqclock,
    ~~~~~~~~~~~~~~~~~~~~~~~~~~~~~^^^^^^^^^^^^^^^^^^^^^^^^^^^^^^
                                  cmd_queue)
                                  ^^^^^^^^^^
  File "/home/pi/klipper/klippy/serialhdl.py", line 263, in raw_send_wait_ack
    self._error("Serial connection closed")
    ~~~~~~~~~~~^^^^^^^^^^^^^^^^^^^^^^^^^^^^
  File "/home/pi/klipper/klippy/serialhdl.py", line 68, in _error
    raise error(self.warn_prefix + (msg % params))
serialhdl.error: mcu 'mcu': Serial connection closed
mcu 'mcu': Timeout on connect
mcu 'mcu': Wait for identify_response
Traceback (most recent call last):
  File "/home/pi/klipper/klippy/serialhdl.py", line 75, in _get_identify_data
    params = self.send_with_response(msg, 'identify_response')
  File "/home/pi/klipper/klippy/serialhdl.py", line 271, in send_with_response
    return src.get_response([cmd], self.default_cmd_queue)
           ~~~~~~~~~~~~~~~~^^^^^^^^^^^^^^^^^^^^^^^^^^^^^^^
  File "/home/pi/klipper/klippy/serialhdl.py", line 331, in get_response
    self.serial.raw_send_wait_ack(cmds[-1], minclock, reqclock,
    ~~~~~~~~~~~~~~~~~~~~~~~~~~~~~^^^^^^^^^^^^^^^^^^^^^^^^^^^^^^
                                  cmd_queue)
                                  ^^^^^^^^^^
  File "/home/pi/klipper/klippy/serialhdl.py", line 263, in raw_send_wait_ack
    self._error("Serial connection closed")
    ~~~~~~~~~~~^^^^^^^^^^^^^^^^^^^^^^^^^^^^
  File "/home/pi/klipper/klippy/serialhdl.py", line 68, in _error
    raise error(self.warn_prefix + (msg % params))
serialhdl.error: mcu 'mcu': Serial connection closed
mcu 'mcu': Timeout on connect
mcu 'mcu': Wait for identify_response
Traceback (most recent call last):
  File "/home/pi/klipper/klippy/serialhdl.py", line 75, in _get_identify_data
    params = self.send_with_response(msg, 'identify_response')
  File "/home/pi/klipper/klippy/serialhdl.py", line 271, in send_with_response
    return src.get_response([cmd], self.default_cmd_queue)
           ~~~~~~~~~~~~~~~~^^^^^^^^^^^^^^^^^^^^^^^^^^^^^^^
  File "/home/pi/klipper/klippy/serialhdl.py", line 331, in get_response
    self.serial.raw_send_wait_ack(cmds[-1], minclock, reqclock,
    ~~~~~~~~~~~~~~~~~~~~~~~~~~~~~^^^^^^^^^^^^^^^^^^^^^^^^^^^^^^
                                  cmd_queue)
                                  ^^^^^^^^^^
  File "/home/pi/klipper/klippy/serialhdl.py", line 263, in raw_send_wait_ack
    self._error("Serial connection closed")
    ~~~~~~~~~~~^^^^^^^^^^^^^^^^^^^^^^^^^^^^
  File "/home/pi/klipper/klippy/serialhdl.py", line 68, in _error
    raise error(self.warn_prefix + (msg % params))
serialhdl.error: mcu 'mcu': Serial connection closed
mcu 'mcu': Timeout on connect
mcu 'mcu': Wait for identify_response
Traceback (most recent call last):
  File "/home/pi/klipper/klippy/serialhdl.py", line 75, in _get_identify_data
    params = self.send_with_response(msg, 'identify_response')
  File "/home/pi/klipper/klippy/serialhdl.py", line 271, in send_with_response
    return src.get_response([cmd], self.default_cmd_queue)
           ~~~~~~~~~~~~~~~~^^^^^^^^^^^^^^^^^^^^^^^^^^^^^^^
  File "/home/pi/klipper/klippy/serialhdl.py", line 331, in get_response
    self.serial.raw_send_wait_ack(cmds[-1], minclock, reqclock,
    ~~~~~~~~~~~~~~~~~~~~~~~~~~~~~^^^^^^^^^^^^^^^^^^^^^^^^^^^^^^
                                  cmd_queue)
                                  ^^^^^^^^^^
  File "/home/pi/klipper/klippy/serialhdl.py", line 263, in raw_send_wait_ack
    self._error("Serial connection closed")
    ~~~~~~~~~~~^^^^^^^^^^^^^^^^^^^^^^^^^^^^
  File "/home/pi/klipper/klippy/serialhdl.py", line 68, in _error
    raise error(self.warn_prefix + (msg % params))
serialhdl.error: mcu 'mcu': Serial connection closed
mcu 'mcu': Timeout on connect
mcu 'mcu': Wait for identify_response
Traceback (most recent call last):
  File "/home/pi/klipper/klippy/serialhdl.py", line 75, in _get_identify_data
    params = self.send_with_response(msg, 'identify_response')
  File "/home/pi/klipper/klippy/serialhdl.py", line 271, in send_with_response
    return src.get_response([cmd], self.default_cmd_queue)
           ~~~~~~~~~~~~~~~~^^^^^^^^^^^^^^^^^^^^^^^^^^^^^^^
  File "/home/pi/klipper/klippy/serialhdl.py", line 331, in get_response
    self.serial.raw_send_wait_ack(cmds[-1], minclock, reqclock,
    ~~~~~~~~~~~~~~~~~~~~~~~~~~~~~^^^^^^^^^^^^^^^^^^^^^^^^^^^^^^
                                  cmd_queue)
                                  ^^^^^^^^^^
  File "/home/pi/klipper/klippy/serialhdl.py", line 263, in raw_send_wait_ack
    self._error("Serial connection closed")
    ~~~~~~~~~~~^^^^^^^^^^^^^^^^^^^^^^^^^^^^
  File "/home/pi/klipper/klippy/serialhdl.py", line 68, in _error
    raise error(self.warn_prefix + (msg % params))
serialhdl.error: mcu 'mcu': Serial connection closed
Attempting MCU 'mcu' reset
webhooks client 4070161264: Disconnected
Restarting printer
Start printer at Fri Feb 27 14:52:42 2026 (1772200362.1 732.2)
===== Config file =====
[display_status]

[virtual_sdcard]
path = /home/pi/printer_ANET1_data/gcodes
on_error_gcode = CANCEL_PRINT

[pause_resume]

[respond]

[gcode_macro CANCEL_PRINT]
description = Cancel the actual running print
rename_existing = CANCEL_PRINT_BASE
gcode = 
	
	
	{% if printer.pause_resume.is_paused|lower == 'false' and park|lower == 'true'%}
	_TOOLHEAD_PARK_PAUSE_CANCEL
	{% endif %}
	
	
	
	TURN_OFF_HEATERS
	CANCEL_PRINT_BASE
variable_park = True

[gcode_macro PAUSE]
description = Pause the actual running print
rename_existing = PAUSE_BASE
gcode = 
	PAUSE_BASE
	_TOOLHEAD_PARK_PAUSE_CANCEL

[gcode_macro RESUME]
description = Resume the actual running print
rename_existing = RESUME_BASE
variable_last_extruder_temp = {'restore': False, 'temp': 0}
variable_restore_idle_timeout = 0
variable_idle_state = False
gcode = 
	
	
	{% set extrude = printer['gcode_macro _TOOLHEAD_PARK_PAUSE_CANCEL'].extrude %}
	
	{% if 'VELOCITY' in params|upper %}
	{% set get_params = ('VELOCITY=' + params.VELOCITY)  %}
	{%else %}
	{% set get_params = "" %}
	{% endif %}
	
	{% if printer.extruder.can_extrude|lower == 'true' %}
	M83
	G1 E{extrude} F2100
	{% if printer.gcode_move.absolute_extrude |lower == 'true' %} M82 {% endif %}
	{% else %}
	{action_respond_info("Extruder not hot enough")}
	{% endif %}
	RESUME_BASE {get_params}

[gcode_macro SET_PAUSE_NEXT_LAYER]
description = Enable a pause if the next layer is reached
gcode = 
	{% set pause_next_layer = printer['gcode_macro SET_PRINT_STATS_INFO'].pause_next_layer %}
	{% set ENABLE = params.ENABLE|default(1)|int != 0 %}
	{% set MACRO = params.MACRO|default(pause_next_layer.call, True) %}
	SET_GCODE_VARIABLE MACRO=SET_PRINT_STATS_INFO VARIABLE=pause_next_layer VALUE="{{ 'enable': ENABLE, 'call': MACRO }}"

[gcode_macro SET_PAUSE_AT_LAYER]
description = Enable/disable a pause if a given layer number is reached
gcode = 
	{% set pause_at_layer = printer['gcode_macro SET_PRINT_STATS_INFO'].pause_at_layer %}
	{% set ENABLE = params.ENABLE|int != 0 if params.ENABLE is defined
	else params.LAYER is defined %}
	{% set LAYER = params.LAYER|default(pause_at_layer.layer)|int %}
	{% set MACRO = params.MACRO|default(pause_at_layer.call, True) %}
	SET_GCODE_VARIABLE MACRO=SET_PRINT_STATS_INFO VARIABLE=pause_at_layer VALUE="{{ 'enable': ENABLE, 'layer': LAYER, 'call': MACRO }}"

[gcode_macro SET_PRINT_STATS_INFO]
rename_existing = SET_PRINT_STATS_INFO_BASE
description = Overwrite, to get pause_next_layer and pause_at_layer feature
variable_pause_next_layer = { 'enable': False, 'call': "PAUSE" }
variable_pause_at_layer = { 'enable': False, 'layer': 0, 'call': "PAUSE" }
gcode = 
	{% if pause_next_layer.enable %}
	RESPOND TYPE=echo MSG='{"%s, forced by pause_next_layer" % pause_next_layer.call}'
	{pause_next_layer.call}
	SET_PAUSE_NEXT_LAYER ENABLE=0
	{% elif pause_at_layer.enable and params.CURRENT_LAYER is defined and params.CURRENT_LAYER|int == pause_at_layer.layer %}
	RESPOND TYPE=echo MSG='{"%s, forced by pause_at_layer [%d]" % (pause_at_layer.call, pause_at_layer.layer)}'
	{pause_at_layer.call}
	SET_PAUSE_AT_LAYER ENABLE=0
	{% endif %}
	SET_PRINT_STATS_INFO_BASE {rawparams}

[gcode_macro _TOOLHEAD_PARK_PAUSE_CANCEL]
description = Helper: park toolhead used in PAUSE and CANCEL_PRINT
gcode = 
	
	{% set client = printer['gcode_macro _CLIENT_VARIABLE']|default({}) %}
	{% set velocity = printer.configfile.settings.pause_resume.recover_velocity %}
	{% set use_custom     = client.use_custom_pos|default(false)|lower == 'true' %}
	{% set custom_park_x  = client.custom_park_x|default(0.0) %}
	{% set custom_park_y  = client.custom_park_y|default(0.0) %}
	{% set park_dz        = client.custom_park_dz|default(2.0)|abs %}
	{% set sp_hop         = client.speed_hop|default(15) * 60 %}
	{% set sp_move        = client.speed_move|default(velocity) * 60 %}
	
	{% set origin    = printer.gcode_move.homing_origin %}
	{% set act       = printer.gcode_move.gcode_position %}
	{% set max       = printer.toolhead.axis_maximum %}
	{% set cone      = printer.toolhead.cone_start_z|default(max.z) %}
	{% set round_bed = True if printer.configfile.settings.printer.kinematics is in ['delta','polar','rotary_delta','winch']
	else False %}
	
	{% set z_min = params.Z_MIN|default(0)|float %}
	{% set z_park = [[(act.z + park_dz), z_min]|max, (max.z - origin.z)]|min %}
	{% set x_park = params.X       if params.X is defined
	else custom_park_x  if use_custom
	else 0.0            if round_bed
	else (max.x - 5.0) %}
	{% set y_park = params.Y       if params.Y is defined
	else custom_park_y  if use_custom
	else (max.y - 5.0)  if round_bed and z_park < cone
	else 0.0            if round_bed
	else (max.y - 5.0) %}
	
	_CLIENT_RETRACT
	{% if "xyz" in printer.toolhead.homed_axes %}
	G90
	G1 Z{z_park} F{sp_hop}
	G1 X{x_park} Y{y_park} F{sp_move}
	{% if not printer.gcode_move.absolute_coordinates %} G91 {% endif %}
	{% else %}
	RESPOND TYPE=echo MSG='Printer not homed'
	{% endif %}

[gcode_macro _CLIENT_EXTRUDE]
description = Extrudes, if the extruder is hot enough
gcode = 
	
	{% set client = printer['gcode_macro _CLIENT_VARIABLE']|default({}) %}
	{% set use_fw_retract = (client.use_fw_retract|default(false)|lower == 'true') and (printer.firmware_retraction is defined) %}
	{% set length = params.LENGTH|default(client.unretract)|default(1.0)|float %}
	{% set speed = params.SPEED|default(client.speed_unretract)|default(35) %}
	{% set absolute_extrude = printer.gcode_move.absolute_extrude %}
	
	{% if printer.toolhead.extruder != '' %}
	{% if printer[printer.toolhead.extruder].can_extrude %}
	{% if use_fw_retract %}
	{% if length < 0 %}
	G10
	{% else %}
	G11
	{% endif %}
	{% else %}
	M83
	G1 E{length} F{(speed|float|abs) * 60}
	{% if absolute_extrude %}
	M82
	{% endif %}
	{% endif %}
	{% else %}
	RESPOND TYPE=echo MSG='{"\"%s\" not hot enough" % printer.toolhead.extruder}'
	{% endif %}
	{% endif %}

[gcode_macro _CLIENT_RETRACT]
description = Retracts, if the extruder is hot enough
gcode = 
	{% set client = printer['gcode_macro _CLIENT_VARIABLE']|default({}) %}
	{% set length = params.LENGTH|default(client.retract)|default(1.0)|float %}
	{% set speed = params.SPEED|default(client.speed_retract)|default(35) %}
	
	_CLIENT_EXTRUDE LENGTH=-{length|float|abs} SPEED={speed|float|abs}

[gcode_macro _CLIENT_LINEAR_MOVE]
description = Linear move with save and restore of the gcode state
gcode = 
	{% set x_move = "X" ~ params.X if params.X is defined else "" %}
	{% set y_move = "Y" ~ params.Y if params.Y is defined else "" %}
	{% set z_move = "Z" ~ params.Z if params.Z is defined else "" %}
	{% set e_move = "E" ~ params.E if params.E is defined else "" %}
	{% set rate = "F" ~ params.F if params.F is defined else "" %}
	{% set ABSOLUTE = params.ABSOLUTE | default(0) | int != 0 %}
	{% set ABSOLUTE_E = params.ABSOLUTE_E | default(0) | int != 0 %}
	SAVE_GCODE_STATE NAME=_client_movement
	{% if x_move or y_move or z_move %}
	G9{ 0 if ABSOLUTE else 1 }
	{% endif %}
	{% if e_move %}
	M8{ 2 if ABSOLUTE_E else 3 }
	{% endif %}
	G1 { x_move } { y_move } { z_move } { e_move } { rate }
	RESTORE_GCODE_STATE NAME=_client_movement

[mcu]
serial = /dev/serial/by-id/platform-xhci-hcd.1-usbv2-0:2.4.1:1.0-port0

[exclude_object]

[stepper_x]
step_pin = PD7
dir_pin = PC5
enable_pin = !PD6
microsteps = 16
rotation_distance = 32
endstop_pin = ^!PC2
position_endstop = -30
position_max = 220
position_min = -30
homing_speed = 50

[stepper_y]
step_pin = PC6
dir_pin = PC7
enable_pin = !PD6
microsteps = 16
rotation_distance = 32
endstop_pin = ^!PC3
position_endstop = -8
position_min = -8
position_max = 220
homing_speed = 50

[stepper_z]
step_pin = PB3
dir_pin = !PB2
enable_pin = !PA5
microsteps = 16
rotation_distance = 8
endstop_pin = ^!PC4
position_endstop = 0.5
position_max = 240
homing_speed = 20

[extruder]
step_pin = PB1
dir_pin = PB0
enable_pin = !PD6
microsteps = 16
rotation_distance = 33.600
nozzle_diameter = 0.400
filament_diameter = 1.750
heater_pin = PD5
sensor_type = ATC Semitec 104GT-2
sensor_pin = PA7
control = pid
pid_kp = 2.151492
pid_ki = 0.633897
pid_kd = 230.042965
min_temp = 0
max_temp = 250

[heater_bed]
heater_pin = PD4
sensor_type = ATC Semitec 104GT-2
sensor_pin = PA6
control = watermark
min_temp = 0
max_temp = 130

[fan]
pin = PB4

[printer]
kinematics = cartesian
max_velocity = 300
max_accel = 1000
max_z_velocity = 20
max_z_accel = 100

[display]
lcd_type = hd44780
rs_pin = PA3
e_pin = PA2
d4_pin = PD2
d5_pin = PD3
d6_pin = PC0
d7_pin = PC1
up_pin = PA1
analog_range_up_pin = 9000, 13000
down_pin = PA1
analog_range_down_pin = 800, 1300
click_pin = PA1
analog_range_click_pin = 2000, 2500
back_pin = PA1
analog_range_back_pin = 4500, 5000
=======================
Extruder max_extrude_ratio=0.266081
mcu 'mcu': Starting serial connect
mcu 'mcu': Unable to open serial port: [Errno 2] could not open port /dev/serial/by-id/platform-xhci-hcd.1-usbv2-0:2.4.1:1.0-port0: [Errno 2] No such file or directory: '/dev/serial/by-id/platform-xhci-hcd.1-usbv2-0:2.4.1:1.0-port0'
webhooks client 4070197968: New connection
webhooks client 4070197968: Client info {'program': 'Moonraker', 'version': 'v0.10.0-9-g3fbe6ee'}
webhooks client 4070197968: Disconnected
Restarting printer
Start printer at Fri Feb 27 14:52:47 2026 (1772200367.5 737.7)
===== Config file =====
[display_status]

[virtual_sdcard]
path = /home/pi/printer_ANET1_data/gcodes
on_error_gcode = CANCEL_PRINT

[pause_resume]

[respond]

[gcode_macro CANCEL_PRINT]
description = Cancel the actual running print
rename_existing = CANCEL_PRINT_BASE
gcode = 
	
	
	{% if printer.pause_resume.is_paused|lower == 'false' and park|lower == 'true'%}
	_TOOLHEAD_PARK_PAUSE_CANCEL
	{% endif %}
	
	
	
	TURN_OFF_HEATERS
	CANCEL_PRINT_BASE
variable_park = True

[gcode_macro PAUSE]
description = Pause the actual running print
rename_existing = PAUSE_BASE
gcode = 
	PAUSE_BASE
	_TOOLHEAD_PARK_PAUSE_CANCEL

[gcode_macro RESUME]
description = Resume the actual running print
rename_existing = RESUME_BASE
variable_last_extruder_temp = {'restore': False, 'temp': 0}
variable_restore_idle_timeout = 0
variable_idle_state = False
gcode = 
	
	
	{% set extrude = printer['gcode_macro _TOOLHEAD_PARK_PAUSE_CANCEL'].extrude %}
	
	{% if 'VELOCITY' in params|upper %}
	{% set get_params = ('VELOCITY=' + params.VELOCITY)  %}
	{%else %}
	{% set get_params = "" %}
	{% endif %}
	
	{% if printer.extruder.can_extrude|lower == 'true' %}
	M83
	G1 E{extrude} F2100
	{% if printer.gcode_move.absolute_extrude |lower == 'true' %} M82 {% endif %}
	{% else %}
	{action_respond_info("Extruder not hot enough")}
	{% endif %}
	RESUME_BASE {get_params}

[gcode_macro SET_PAUSE_NEXT_LAYER]
description = Enable a pause if the next layer is reached
gcode = 
	{% set pause_next_layer = printer['gcode_macro SET_PRINT_STATS_INFO'].pause_next_layer %}
	{% set ENABLE = params.ENABLE|default(1)|int != 0 %}
	{% set MACRO = params.MACRO|default(pause_next_layer.call, True) %}
	SET_GCODE_VARIABLE MACRO=SET_PRINT_STATS_INFO VARIABLE=pause_next_layer VALUE="{{ 'enable': ENABLE, 'call': MACRO }}"

[gcode_macro SET_PAUSE_AT_LAYER]
description = Enable/disable a pause if a given layer number is reached
gcode = 
	{% set pause_at_layer = printer['gcode_macro SET_PRINT_STATS_INFO'].pause_at_layer %}
	{% set ENABLE = params.ENABLE|int != 0 if params.ENABLE is defined
	else params.LAYER is defined %}
	{% set LAYER = params.LAYER|default(pause_at_layer.layer)|int %}
	{% set MACRO = params.MACRO|default(pause_at_layer.call, True) %}
	SET_GCODE_VARIABLE MACRO=SET_PRINT_STATS_INFO VARIABLE=pause_at_layer VALUE="{{ 'enable': ENABLE, 'layer': LAYER, 'call': MACRO }}"

[gcode_macro SET_PRINT_STATS_INFO]
rename_existing = SET_PRINT_STATS_INFO_BASE
description = Overwrite, to get pause_next_layer and pause_at_layer feature
variable_pause_next_layer = { 'enable': False, 'call': "PAUSE" }
variable_pause_at_layer = { 'enable': False, 'layer': 0, 'call': "PAUSE" }
gcode = 
	{% if pause_next_layer.enable %}
	RESPOND TYPE=echo MSG='{"%s, forced by pause_next_layer" % pause_next_layer.call}'
	{pause_next_layer.call}
	SET_PAUSE_NEXT_LAYER ENABLE=0
	{% elif pause_at_layer.enable and params.CURRENT_LAYER is defined and params.CURRENT_LAYER|int == pause_at_layer.layer %}
	RESPOND TYPE=echo MSG='{"%s, forced by pause_at_layer [%d]" % (pause_at_layer.call, pause_at_layer.layer)}'
	{pause_at_layer.call}
	SET_PAUSE_AT_LAYER ENABLE=0
	{% endif %}
	SET_PRINT_STATS_INFO_BASE {rawparams}

[gcode_macro _TOOLHEAD_PARK_PAUSE_CANCEL]
description = Helper: park toolhead used in PAUSE and CANCEL_PRINT
gcode = 
	
	{% set client = printer['gcode_macro _CLIENT_VARIABLE']|default({}) %}
	{% set velocity = printer.configfile.settings.pause_resume.recover_velocity %}
	{% set use_custom     = client.use_custom_pos|default(false)|lower == 'true' %}
	{% set custom_park_x  = client.custom_park_x|default(0.0) %}
	{% set custom_park_y  = client.custom_park_y|default(0.0) %}
	{% set park_dz        = client.custom_park_dz|default(2.0)|abs %}
	{% set sp_hop         = client.speed_hop|default(15) * 60 %}
	{% set sp_move        = client.speed_move|default(velocity) * 60 %}
	
	{% set origin    = printer.gcode_move.homing_origin %}
	{% set act       = printer.gcode_move.gcode_position %}
	{% set max       = printer.toolhead.axis_maximum %}
	{% set cone      = printer.toolhead.cone_start_z|default(max.z) %}
	{% set round_bed = True if printer.configfile.settings.printer.kinematics is in ['delta','polar','rotary_delta','winch']
	else False %}
	
	{% set z_min = params.Z_MIN|default(0)|float %}
	{% set z_park = [[(act.z + park_dz), z_min]|max, (max.z - origin.z)]|min %}
	{% set x_park = params.X       if params.X is defined
	else custom_park_x  if use_custom
	else 0.0            if round_bed
	else (max.x - 5.0) %}
	{% set y_park = params.Y       if params.Y is defined
	else custom_park_y  if use_custom
	else (max.y - 5.0)  if round_bed and z_park < cone
	else 0.0            if round_bed
	else (max.y - 5.0) %}
	
	_CLIENT_RETRACT
	{% if "xyz" in printer.toolhead.homed_axes %}
	G90
	G1 Z{z_park} F{sp_hop}
	G1 X{x_park} Y{y_park} F{sp_move}
	{% if not printer.gcode_move.absolute_coordinates %} G91 {% endif %}
	{% else %}
	RESPOND TYPE=echo MSG='Printer not homed'
	{% endif %}

[gcode_macro _CLIENT_EXTRUDE]
description = Extrudes, if the extruder is hot enough
gcode = 
	
	{% set client = printer['gcode_macro _CLIENT_VARIABLE']|default({}) %}
	{% set use_fw_retract = (client.use_fw_retract|default(false)|lower == 'true') and (printer.firmware_retraction is defined) %}
	{% set length = params.LENGTH|default(client.unretract)|default(1.0)|float %}
	{% set speed = params.SPEED|default(client.speed_unretract)|default(35) %}
	{% set absolute_extrude = printer.gcode_move.absolute_extrude %}
	
	{% if printer.toolhead.extruder != '' %}
	{% if printer[printer.toolhead.extruder].can_extrude %}
	{% if use_fw_retract %}
	{% if length < 0 %}
	G10
	{% else %}
	G11
	{% endif %}
	{% else %}
	M83
	G1 E{length} F{(speed|float|abs) * 60}
	{% if absolute_extrude %}
	M82
	{% endif %}
	{% endif %}
	{% else %}
	RESPOND TYPE=echo MSG='{"\"%s\" not hot enough" % printer.toolhead.extruder}'
	{% endif %}
	{% endif %}

[gcode_macro _CLIENT_RETRACT]
description = Retracts, if the extruder is hot enough
gcode = 
	{% set client = printer['gcode_macro _CLIENT_VARIABLE']|default({}) %}
	{% set length = params.LENGTH|default(client.retract)|default(1.0)|float %}
	{% set speed = params.SPEED|default(client.speed_retract)|default(35) %}
	
	_CLIENT_EXTRUDE LENGTH=-{length|float|abs} SPEED={speed|float|abs}

[gcode_macro _CLIENT_LINEAR_MOVE]
description = Linear move with save and restore of the gcode state
gcode = 
	{% set x_move = "X" ~ params.X if params.X is defined else "" %}
	{% set y_move = "Y" ~ params.Y if params.Y is defined else "" %}
	{% set z_move = "Z" ~ params.Z if params.Z is defined else "" %}
	{% set e_move = "E" ~ params.E if params.E is defined else "" %}
	{% set rate = "F" ~ params.F if params.F is defined else "" %}
	{% set ABSOLUTE = params.ABSOLUTE | default(0) | int != 0 %}
	{% set ABSOLUTE_E = params.ABSOLUTE_E | default(0) | int != 0 %}
	SAVE_GCODE_STATE NAME=_client_movement
	{% if x_move or y_move or z_move %}
	G9{ 0 if ABSOLUTE else 1 }
	{% endif %}
	{% if e_move %}
	M8{ 2 if ABSOLUTE_E else 3 }
	{% endif %}
	G1 { x_move } { y_move } { z_move } { e_move } { rate }
	RESTORE_GCODE_STATE NAME=_client_movement

[mcu]
serial = /dev/serial/by-id/platform-xhci-hcd.1-usbv2-0:2.4.1:1.0-port0

[exclude_object]

[stepper_x]
step_pin = PD7
dir_pin = PC5
enable_pin = !PD6
microsteps = 16
rotation_distance = 32
endstop_pin = ^!PC2
position_endstop = -30
position_max = 220
position_min = -30
homing_speed = 50

[stepper_y]
step_pin = PC6
dir_pin = PC7
enable_pin = !PD6
microsteps = 16
rotation_distance = 32
endstop_pin = ^!PC3
position_endstop = -8
position_min = -8
position_max = 220
homing_speed = 50

[stepper_z]
step_pin = PB3
dir_pin = !PB2
enable_pin = !PA5
microsteps = 16
rotation_distance = 8
endstop_pin = ^!PC4
position_endstop = 0.5
position_max = 240
homing_speed = 20

[extruder]
step_pin = PB1
dir_pin = PB0
enable_pin = !PD6
microsteps = 16
rotation_distance = 33.600
nozzle_diameter = 0.400
filament_diameter = 1.750
heater_pin = PD5
sensor_type = ATC Semitec 104GT-2
sensor_pin = PA7
control = pid
pid_kp = 2.151492
pid_ki = 0.633897
pid_kd = 230.042965
min_temp = 0
max_temp = 250

[heater_bed]
heater_pin = PD4
sensor_type = ATC Semitec 104GT-2
sensor_pin = PA6
control = watermark
min_temp = 0
max_temp = 130

[fan]
pin = PB4

[printer]
kinematics = cartesian
max_velocity = 300
max_accel = 1000
max_z_velocity = 20
max_z_accel = 100

[display]
lcd_type = hd44780
rs_pin = PA3
e_pin = PA2
d4_pin = PD2
d5_pin = PD3
d6_pin = PC0
d7_pin = PC1
up_pin = PA1
analog_range_up_pin = 9000, 13000
down_pin = PA1
analog_range_down_pin = 800, 1300
click_pin = PA1
analog_range_click_pin = 2000, 2500
back_pin = PA1
analog_range_back_pin = 4500, 5000
=======================
Extruder max_extrude_ratio=0.266081
mcu 'mcu': Starting serial connect
mcu 'mcu': Unable to open serial port: [Errno 2] could not open port /dev/serial/by-id/platform-xhci-hcd.1-usbv2-0:2.4.1:1.0-port0: [Errno 2] No such file or directory: '/dev/serial/by-id/platform-xhci-hcd.1-usbv2-0:2.4.1:1.0-port0'
webhooks client 4070152168: New connection
webhooks client 4070152168: Client info {'program': 'Moonraker', 'version': 'v0.10.0-9-g3fbe6ee'}
mcu 'mcu': Unable to open serial port: [Errno 2] could not open port /dev/serial/by-id/platform-xhci-hcd.1-usbv2-0:2.4.1:1.0-port0: [Errno 2] No such file or directory: '/dev/serial/by-id/platform-xhci-hcd.1-usbv2-0:2.4.1:1.0-port0'
mcu 'mcu': Unable to open serial port: [Errno 2] could not open port /dev/serial/by-id/platform-xhci-hcd.1-usbv2-0:2.4.1:1.0-port0: [Errno 2] No such file or directory: '/dev/serial/by-id/platform-xhci-hcd.1-usbv2-0:2.4.1:1.0-port0'
mcu 'mcu': Unable to open serial port: [Errno 2] could not open port /dev/serial/by-id/platform-xhci-hcd.1-usbv2-0:2.4.1:1.0-port0: [Errno 2] No such file or directory: '/dev/serial/by-id/platform-xhci-hcd.1-usbv2-0:2.4.1:1.0-port0'
mcu 'mcu': Unable to open serial port: [Errno 2] could not open port /dev/serial/by-id/platform-xhci-hcd.1-usbv2-0:2.4.1:1.0-port0: [Errno 2] No such file or directory: '/dev/serial/by-id/platform-xhci-hcd.1-usbv2-0:2.4.1:1.0-port0'
mcu 'mcu': Unable to open serial port: [Errno 2] could not open port /dev/serial/by-id/platform-xhci-hcd.1-usbv2-0:2.4.1:1.0-port0: [Errno 2] No such file or directory: '/dev/serial/by-id/platform-xhci-hcd.1-usbv2-0:2.4.1:1.0-port0'
mcu 'mcu': Unable to open serial port: [Errno 2] could not open port /dev/serial/by-id/platform-xhci-hcd.1-usbv2-0:2.4.1:1.0-port0: [Errno 2] No such file or directory: '/dev/serial/by-id/platform-xhci-hcd.1-usbv2-0:2.4.1:1.0-port0'
mcu 'mcu': Unable to open serial port: [Errno 2] could not open port /dev/serial/by-id/platform-xhci-hcd.1-usbv2-0:2.4.1:1.0-port0: [Errno 2] No such file or directory: '/dev/serial/by-id/platform-xhci-hcd.1-usbv2-0:2.4.1:1.0-port0'
mcu 'mcu': Unable to open serial port: [Errno 2] could not open port /dev/serial/by-id/platform-xhci-hcd.1-usbv2-0:2.4.1:1.0-port0: [Errno 2] No such file or directory: '/dev/serial/by-id/platform-xhci-hcd.1-usbv2-0:2.4.1:1.0-port0'
mcu 'mcu': Unable to open serial port: [Errno 2] could not open port /dev/serial/by-id/platform-xhci-hcd.1-usbv2-0:2.4.1:1.0-port0: [Errno 2] No such file or directory: '/dev/serial/by-id/platform-xhci-hcd.1-usbv2-0:2.4.1:1.0-port0'
Attempting MCU 'mcu' reset
Unhandled exception during post run
Traceback (most recent call last):
  File "/home/pi/klippy-env/lib/python3.13/site-packages/serial/serialposix.py", line 265, in open
    self.fd = os.open(self.portstr, os.O_RDWR | os.O_NOCTTY | os.O_NONBLOCK)
              ~~~~~~~^^^^^^^^^^^^^^^^^^^^^^^^^^^^^^^^^^^^^^^^^^^^^^^^^^^^^^^
FileNotFoundError: [Errno 2] No such file or directory: '/dev/serial/by-id/platform-xhci-hcd.1-usbv2-0:2.4.1:1.0-port0'

During handling of the above exception, another exception occurred:

Traceback (most recent call last):
  File "/home/pi/klipper/klippy/klippy.py", line 194, in run
    self.send_event("klippy:firmware_restart")
    ~~~~~~~~~~~~~~~^^^^^^^^^^^^^^^^^^^^^^^^^^^
  File "/home/pi/klipper/klippy/klippy.py", line 227, in send_event
    return [cb(*params) for cb in self.event_handlers.get(event, [])]
            ~~^^^^^^^^^
  File "/home/pi/klipper/klippy/mcu.py", line 739, in _firmware_restart
    self._restart_arduino()
    ~~~~~~~~~~~~~~~~~~~~~^^
  File "/home/pi/klipper/klippy/mcu.py", line 699, in _restart_arduino
    serialhdl.arduino_reset(serialport, self._reactor)
    ~~~~~~~~~~~~~~~~~~~~~~~^^^^^^^^^^^^^^^^^^^^^^^^^^^
  File "/home/pi/klipper/klippy/serialhdl.py", line 392, in arduino_reset
    ser = serial.Serial(serialport, 2400, timeout=0, exclusive=True)
  File "/home/pi/klippy-env/lib/python3.13/site-packages/serial/serialutil.py", line 240, in __init__
    self.open()
    ~~~~~~~~~^^
  File "/home/pi/klippy-env/lib/python3.13/site-packages/serial/serialposix.py", line 268, in open
    raise SerialException(msg.errno, "could not open port {}: {}".format(self._port, msg))
serial.serialutil.SerialException: [Errno 2] could not open port /dev/serial/by-id/platform-xhci-hcd.1-usbv2-0:2.4.1:1.0-port0: [Errno 2] No such file or directory: '/dev/serial/by-id/platform-xhci-hcd.1-usbv2-0:2.4.1:1.0-port0'
Restarting printer
Start printer at Fri Feb 27 14:53:35 2026 (1772200415.9 786.1)
===== Config file =====
[display_status]

[virtual_sdcard]
path = /home/pi/printer_ANET1_data/gcodes
on_error_gcode = CANCEL_PRINT

[pause_resume]

[respond]

[gcode_macro CANCEL_PRINT]
description = Cancel the actual running print
rename_existing = CANCEL_PRINT_BASE
gcode = 
	
	
	{% if printer.pause_resume.is_paused|lower == 'false' and park|lower == 'true'%}
	_TOOLHEAD_PARK_PAUSE_CANCEL
	{% endif %}
	
	
	
	TURN_OFF_HEATERS
	CANCEL_PRINT_BASE
variable_park = True

[gcode_macro PAUSE]
description = Pause the actual running print
rename_existing = PAUSE_BASE
gcode = 
	PAUSE_BASE
	_TOOLHEAD_PARK_PAUSE_CANCEL

[gcode_macro RESUME]
description = Resume the actual running print
rename_existing = RESUME_BASE
variable_last_extruder_temp = {'restore': False, 'temp': 0}
variable_restore_idle_timeout = 0
variable_idle_state = False
gcode = 
	
	
	{% set extrude = printer['gcode_macro _TOOLHEAD_PARK_PAUSE_CANCEL'].extrude %}
	
	{% if 'VELOCITY' in params|upper %}
	{% set get_params = ('VELOCITY=' + params.VELOCITY)  %}
	{%else %}
	{% set get_params = "" %}
	{% endif %}
	
	{% if printer.extruder.can_extrude|lower == 'true' %}
	M83
	G1 E{extrude} F2100
	{% if printer.gcode_move.absolute_extrude |lower == 'true' %} M82 {% endif %}
	{% else %}
	{action_respond_info("Extruder not hot enough")}
	{% endif %}
	RESUME_BASE {get_params}

[gcode_macro SET_PAUSE_NEXT_LAYER]
description = Enable a pause if the next layer is reached
gcode = 
	{% set pause_next_layer = printer['gcode_macro SET_PRINT_STATS_INFO'].pause_next_layer %}
	{% set ENABLE = params.ENABLE|default(1)|int != 0 %}
	{% set MACRO = params.MACRO|default(pause_next_layer.call, True) %}
	SET_GCODE_VARIABLE MACRO=SET_PRINT_STATS_INFO VARIABLE=pause_next_layer VALUE="{{ 'enable': ENABLE, 'call': MACRO }}"

[gcode_macro SET_PAUSE_AT_LAYER]
description = Enable/disable a pause if a given layer number is reached
gcode = 
	{% set pause_at_layer = printer['gcode_macro SET_PRINT_STATS_INFO'].pause_at_layer %}
	{% set ENABLE = params.ENABLE|int != 0 if params.ENABLE is defined
	else params.LAYER is defined %}
	{% set LAYER = params.LAYER|default(pause_at_layer.layer)|int %}
	{% set MACRO = params.MACRO|default(pause_at_layer.call, True) %}
	SET_GCODE_VARIABLE MACRO=SET_PRINT_STATS_INFO VARIABLE=pause_at_layer VALUE="{{ 'enable': ENABLE, 'layer': LAYER, 'call': MACRO }}"

[gcode_macro SET_PRINT_STATS_INFO]
rename_existing = SET_PRINT_STATS_INFO_BASE
description = Overwrite, to get pause_next_layer and pause_at_layer feature
variable_pause_next_layer = { 'enable': False, 'call': "PAUSE" }
variable_pause_at_layer = { 'enable': False, 'layer': 0, 'call': "PAUSE" }
gcode = 
	{% if pause_next_layer.enable %}
	RESPOND TYPE=echo MSG='{"%s, forced by pause_next_layer" % pause_next_layer.call}'
	{pause_next_layer.call}
	SET_PAUSE_NEXT_LAYER ENABLE=0
	{% elif pause_at_layer.enable and params.CURRENT_LAYER is defined and params.CURRENT_LAYER|int == pause_at_layer.layer %}
	RESPOND TYPE=echo MSG='{"%s, forced by pause_at_layer [%d]" % (pause_at_layer.call, pause_at_layer.layer)}'
	{pause_at_layer.call}
	SET_PAUSE_AT_LAYER ENABLE=0
	{% endif %}
	SET_PRINT_STATS_INFO_BASE {rawparams}

[gcode_macro _TOOLHEAD_PARK_PAUSE_CANCEL]
description = Helper: park toolhead used in PAUSE and CANCEL_PRINT
gcode = 
	
	{% set client = printer['gcode_macro _CLIENT_VARIABLE']|default({}) %}
	{% set velocity = printer.configfile.settings.pause_resume.recover_velocity %}
	{% set use_custom     = client.use_custom_pos|default(false)|lower == 'true' %}
	{% set custom_park_x  = client.custom_park_x|default(0.0) %}
	{% set custom_park_y  = client.custom_park_y|default(0.0) %}
	{% set park_dz        = client.custom_park_dz|default(2.0)|abs %}
	{% set sp_hop         = client.speed_hop|default(15) * 60 %}
	{% set sp_move        = client.speed_move|default(velocity) * 60 %}
	
	{% set origin    = printer.gcode_move.homing_origin %}
	{% set act       = printer.gcode_move.gcode_position %}
	{% set max       = printer.toolhead.axis_maximum %}
	{% set cone      = printer.toolhead.cone_start_z|default(max.z) %}
	{% set round_bed = True if printer.configfile.settings.printer.kinematics is in ['delta','polar','rotary_delta','winch']
	else False %}
	
	{% set z_min = params.Z_MIN|default(0)|float %}
	{% set z_park = [[(act.z + park_dz), z_min]|max, (max.z - origin.z)]|min %}
	{% set x_park = params.X       if params.X is defined
	else custom_park_x  if use_custom
	else 0.0            if round_bed
	else (max.x - 5.0) %}
	{% set y_park = params.Y       if params.Y is defined
	else custom_park_y  if use_custom
	else (max.y - 5.0)  if round_bed and z_park < cone
	else 0.0            if round_bed
	else (max.y - 5.0) %}
	
	_CLIENT_RETRACT
	{% if "xyz" in printer.toolhead.homed_axes %}
	G90
	G1 Z{z_park} F{sp_hop}
	G1 X{x_park} Y{y_park} F{sp_move}
	{% if not printer.gcode_move.absolute_coordinates %} G91 {% endif %}
	{% else %}
	RESPOND TYPE=echo MSG='Printer not homed'
	{% endif %}

[gcode_macro _CLIENT_EXTRUDE]
description = Extrudes, if the extruder is hot enough
gcode = 
	
	{% set client = printer['gcode_macro _CLIENT_VARIABLE']|default({}) %}
	{% set use_fw_retract = (client.use_fw_retract|default(false)|lower == 'true') and (printer.firmware_retraction is defined) %}
	{% set length = params.LENGTH|default(client.unretract)|default(1.0)|float %}
	{% set speed = params.SPEED|default(client.speed_unretract)|default(35) %}
	{% set absolute_extrude = printer.gcode_move.absolute_extrude %}
	
	{% if printer.toolhead.extruder != '' %}
	{% if printer[printer.toolhead.extruder].can_extrude %}
	{% if use_fw_retract %}
	{% if length < 0 %}
	G10
	{% else %}
	G11
	{% endif %}
	{% else %}
	M83
	G1 E{length} F{(speed|float|abs) * 60}
	{% if absolute_extrude %}
	M82
	{% endif %}
	{% endif %}
	{% else %}
	RESPOND TYPE=echo MSG='{"\"%s\" not hot enough" % printer.toolhead.extruder}'
	{% endif %}
	{% endif %}

[gcode_macro _CLIENT_RETRACT]
description = Retracts, if the extruder is hot enough
gcode = 
	{% set client = printer['gcode_macro _CLIENT_VARIABLE']|default({}) %}
	{% set length = params.LENGTH|default(client.retract)|default(1.0)|float %}
	{% set speed = params.SPEED|default(client.speed_retract)|default(35) %}
	
	_CLIENT_EXTRUDE LENGTH=-{length|float|abs} SPEED={speed|float|abs}

[gcode_macro _CLIENT_LINEAR_MOVE]
description = Linear move with save and restore of the gcode state
gcode = 
	{% set x_move = "X" ~ params.X if params.X is defined else "" %}
	{% set y_move = "Y" ~ params.Y if params.Y is defined else "" %}
	{% set z_move = "Z" ~ params.Z if params.Z is defined else "" %}
	{% set e_move = "E" ~ params.E if params.E is defined else "" %}
	{% set rate = "F" ~ params.F if params.F is defined else "" %}
	{% set ABSOLUTE = params.ABSOLUTE | default(0) | int != 0 %}
	{% set ABSOLUTE_E = params.ABSOLUTE_E | default(0) | int != 0 %}
	SAVE_GCODE_STATE NAME=_client_movement
	{% if x_move or y_move or z_move %}
	G9{ 0 if ABSOLUTE else 1 }
	{% endif %}
	{% if e_move %}
	M8{ 2 if ABSOLUTE_E else 3 }
	{% endif %}
	G1 { x_move } { y_move } { z_move } { e_move } { rate }
	RESTORE_GCODE_STATE NAME=_client_movement

[mcu]
serial = /dev/ttyUSB0

[exclude_object]

[stepper_x]
step_pin = PD7
dir_pin = PC5
enable_pin = !PD6
microsteps = 16
rotation_distance = 32
endstop_pin = ^!PC2
position_endstop = -30
position_max = 220
position_min = -30
homing_speed = 50

[stepper_y]
step_pin = PC6
dir_pin = PC7
enable_pin = !PD6
microsteps = 16
rotation_distance = 32
endstop_pin = ^!PC3
position_endstop = -8
position_min = -8
position_max = 220
homing_speed = 50

[stepper_z]
step_pin = PB3
dir_pin = !PB2
enable_pin = !PA5
microsteps = 16
rotation_distance = 8
endstop_pin = ^!PC4
position_endstop = 0.5
position_max = 240
homing_speed = 20

[extruder]
step_pin = PB1
dir_pin = PB0
enable_pin = !PD6
microsteps = 16
rotation_distance = 33.600
nozzle_diameter = 0.400
filament_diameter = 1.750
heater_pin = PD5
sensor_type = ATC Semitec 104GT-2
sensor_pin = PA7
control = pid
pid_kp = 2.151492
pid_ki = 0.633897
pid_kd = 230.042965
min_temp = 0
max_temp = 250

[heater_bed]
heater_pin = PD4
sensor_type = ATC Semitec 104GT-2
sensor_pin = PA6
control = watermark
min_temp = 0
max_temp = 130

[fan]
pin = PB4

[printer]
kinematics = cartesian
max_velocity = 300
max_accel = 1000
max_z_velocity = 20
max_z_accel = 100

[display]
lcd_type = hd44780
rs_pin = PA3
e_pin = PA2
d4_pin = PD2
d5_pin = PD3
d6_pin = PC0
d7_pin = PC1
up_pin = PA1
analog_range_up_pin = 9000, 13000
down_pin = PA1
analog_range_down_pin = 800, 1300
click_pin = PA1
analog_range_click_pin = 2000, 2500
back_pin = PA1
analog_range_back_pin = 4500, 5000
=======================
Extruder max_extrude_ratio=0.266081
mcu 'mcu': Starting serial connect
mcu 'mcu': Unable to open serial port: [Errno 11] Could not exclusively lock port /dev/ttyUSB0: [Errno 11] Resource temporarily unavailable
webhooks client 4121718048: New connection
webhooks client 4121718048: Client info {'program': 'Moonraker', 'version': 'v0.10.0-9-g3fbe6ee'}
mcu 'mcu': Unable to open serial port: [Errno 11] Could not exclusively lock port /dev/ttyUSB0: [Errno 11] Resource temporarily unavailable
webhooks client 4121718048: Disconnected
Restarting printer
Start printer at Fri Feb 27 14:53:42 2026 (1772200422.5 792.6)
===== Config file =====
[display_status]

[virtual_sdcard]
path = /home/pi/printer_ANET1_data/gcodes
on_error_gcode = CANCEL_PRINT

[pause_resume]

[respond]

[gcode_macro CANCEL_PRINT]
description = Cancel the actual running print
rename_existing = CANCEL_PRINT_BASE
gcode = 
	
	
	{% if printer.pause_resume.is_paused|lower == 'false' and park|lower == 'true'%}
	_TOOLHEAD_PARK_PAUSE_CANCEL
	{% endif %}
	
	
	
	TURN_OFF_HEATERS
	CANCEL_PRINT_BASE
variable_park = True

[gcode_macro PAUSE]
description = Pause the actual running print
rename_existing = PAUSE_BASE
gcode = 
	PAUSE_BASE
	_TOOLHEAD_PARK_PAUSE_CANCEL

[gcode_macro RESUME]
description = Resume the actual running print
rename_existing = RESUME_BASE
variable_last_extruder_temp = {'restore': False, 'temp': 0}
variable_restore_idle_timeout = 0
variable_idle_state = False
gcode = 
	
	
	{% set extrude = printer['gcode_macro _TOOLHEAD_PARK_PAUSE_CANCEL'].extrude %}
	
	{% if 'VELOCITY' in params|upper %}
	{% set get_params = ('VELOCITY=' + params.VELOCITY)  %}
	{%else %}
	{% set get_params = "" %}
	{% endif %}
	
	{% if printer.extruder.can_extrude|lower == 'true' %}
	M83
	G1 E{extrude} F2100
	{% if printer.gcode_move.absolute_extrude |lower == 'true' %} M82 {% endif %}
	{% else %}
	{action_respond_info("Extruder not hot enough")}
	{% endif %}
	RESUME_BASE {get_params}

[gcode_macro SET_PAUSE_NEXT_LAYER]
description = Enable a pause if the next layer is reached
gcode = 
	{% set pause_next_layer = printer['gcode_macro SET_PRINT_STATS_INFO'].pause_next_layer %}
	{% set ENABLE = params.ENABLE|default(1)|int != 0 %}
	{% set MACRO = params.MACRO|default(pause_next_layer.call, True) %}
	SET_GCODE_VARIABLE MACRO=SET_PRINT_STATS_INFO VARIABLE=pause_next_layer VALUE="{{ 'enable': ENABLE, 'call': MACRO }}"

[gcode_macro SET_PAUSE_AT_LAYER]
description = Enable/disable a pause if a given layer number is reached
gcode = 
	{% set pause_at_layer = printer['gcode_macro SET_PRINT_STATS_INFO'].pause_at_layer %}
	{% set ENABLE = params.ENABLE|int != 0 if params.ENABLE is defined
	else params.LAYER is defined %}
	{% set LAYER = params.LAYER|default(pause_at_layer.layer)|int %}
	{% set MACRO = params.MACRO|default(pause_at_layer.call, True) %}
	SET_GCODE_VARIABLE MACRO=SET_PRINT_STATS_INFO VARIABLE=pause_at_layer VALUE="{{ 'enable': ENABLE, 'layer': LAYER, 'call': MACRO }}"

[gcode_macro SET_PRINT_STATS_INFO]
rename_existing = SET_PRINT_STATS_INFO_BASE
description = Overwrite, to get pause_next_layer and pause_at_layer feature
variable_pause_next_layer = { 'enable': False, 'call': "PAUSE" }
variable_pause_at_layer = { 'enable': False, 'layer': 0, 'call': "PAUSE" }
gcode = 
	{% if pause_next_layer.enable %}
	RESPOND TYPE=echo MSG='{"%s, forced by pause_next_layer" % pause_next_layer.call}'
	{pause_next_layer.call}
	SET_PAUSE_NEXT_LAYER ENABLE=0
	{% elif pause_at_layer.enable and params.CURRENT_LAYER is defined and params.CURRENT_LAYER|int == pause_at_layer.layer %}
	RESPOND TYPE=echo MSG='{"%s, forced by pause_at_layer [%d]" % (pause_at_layer.call, pause_at_layer.layer)}'
	{pause_at_layer.call}
	SET_PAUSE_AT_LAYER ENABLE=0
	{% endif %}
	SET_PRINT_STATS_INFO_BASE {rawparams}

[gcode_macro _TOOLHEAD_PARK_PAUSE_CANCEL]
description = Helper: park toolhead used in PAUSE and CANCEL_PRINT
gcode = 
	
	{% set client = printer['gcode_macro _CLIENT_VARIABLE']|default({}) %}
	{% set velocity = printer.configfile.settings.pause_resume.recover_velocity %}
	{% set use_custom     = client.use_custom_pos|default(false)|lower == 'true' %}
	{% set custom_park_x  = client.custom_park_x|default(0.0) %}
	{% set custom_park_y  = client.custom_park_y|default(0.0) %}
	{% set park_dz        = client.custom_park_dz|default(2.0)|abs %}
	{% set sp_hop         = client.speed_hop|default(15) * 60 %}
	{% set sp_move        = client.speed_move|default(velocity) * 60 %}
	
	{% set origin    = printer.gcode_move.homing_origin %}
	{% set act       = printer.gcode_move.gcode_position %}
	{% set max       = printer.toolhead.axis_maximum %}
	{% set cone      = printer.toolhead.cone_start_z|default(max.z) %}
	{% set round_bed = True if printer.configfile.settings.printer.kinematics is in ['delta','polar','rotary_delta','winch']
	else False %}
	
	{% set z_min = params.Z_MIN|default(0)|float %}
	{% set z_park = [[(act.z + park_dz), z_min]|max, (max.z - origin.z)]|min %}
	{% set x_park = params.X       if params.X is defined
	else custom_park_x  if use_custom
	else 0.0            if round_bed
	else (max.x - 5.0) %}
	{% set y_park = params.Y       if params.Y is defined
	else custom_park_y  if use_custom
	else (max.y - 5.0)  if round_bed and z_park < cone
	else 0.0            if round_bed
	else (max.y - 5.0) %}
	
	_CLIENT_RETRACT
	{% if "xyz" in printer.toolhead.homed_axes %}
	G90
	G1 Z{z_park} F{sp_hop}
	G1 X{x_park} Y{y_park} F{sp_move}
	{% if not printer.gcode_move.absolute_coordinates %} G91 {% endif %}
	{% else %}
	RESPOND TYPE=echo MSG='Printer not homed'
	{% endif %}

[gcode_macro _CLIENT_EXTRUDE]
description = Extrudes, if the extruder is hot enough
gcode = 
	
	{% set client = printer['gcode_macro _CLIENT_VARIABLE']|default({}) %}
	{% set use_fw_retract = (client.use_fw_retract|default(false)|lower == 'true') and (printer.firmware_retraction is defined) %}
	{% set length = params.LENGTH|default(client.unretract)|default(1.0)|float %}
	{% set speed = params.SPEED|default(client.speed_unretract)|default(35) %}
	{% set absolute_extrude = printer.gcode_move.absolute_extrude %}
	
	{% if printer.toolhead.extruder != '' %}
	{% if printer[printer.toolhead.extruder].can_extrude %}
	{% if use_fw_retract %}
	{% if length < 0 %}
	G10
	{% else %}
	G11
	{% endif %}
	{% else %}
	M83
	G1 E{length} F{(speed|float|abs) * 60}
	{% if absolute_extrude %}
	M82
	{% endif %}
	{% endif %}
	{% else %}
	RESPOND TYPE=echo MSG='{"\"%s\" not hot enough" % printer.toolhead.extruder}'
	{% endif %}
	{% endif %}

[gcode_macro _CLIENT_RETRACT]
description = Retracts, if the extruder is hot enough
gcode = 
	{% set client = printer['gcode_macro _CLIENT_VARIABLE']|default({}) %}
	{% set length = params.LENGTH|default(client.retract)|default(1.0)|float %}
	{% set speed = params.SPEED|default(client.speed_retract)|default(35) %}
	
	_CLIENT_EXTRUDE LENGTH=-{length|float|abs} SPEED={speed|float|abs}

[gcode_macro _CLIENT_LINEAR_MOVE]
description = Linear move with save and restore of the gcode state
gcode = 
	{% set x_move = "X" ~ params.X if params.X is defined else "" %}
	{% set y_move = "Y" ~ params.Y if params.Y is defined else "" %}
	{% set z_move = "Z" ~ params.Z if params.Z is defined else "" %}
	{% set e_move = "E" ~ params.E if params.E is defined else "" %}
	{% set rate = "F" ~ params.F if params.F is defined else "" %}
	{% set ABSOLUTE = params.ABSOLUTE | default(0) | int != 0 %}
	{% set ABSOLUTE_E = params.ABSOLUTE_E | default(0) | int != 0 %}
	SAVE_GCODE_STATE NAME=_client_movement
	{% if x_move or y_move or z_move %}
	G9{ 0 if ABSOLUTE else 1 }
	{% endif %}
	{% if e_move %}
	M8{ 2 if ABSOLUTE_E else 3 }
	{% endif %}
	G1 { x_move } { y_move } { z_move } { e_move } { rate }
	RESTORE_GCODE_STATE NAME=_client_movement

[mcu]
serial = /dev/ttyUSB0

[exclude_object]

[stepper_x]
step_pin = PD7
dir_pin = PC5
enable_pin = !PD6
microsteps = 16
rotation_distance = 32
endstop_pin = ^!PC2
position_endstop = -30
position_max = 220
position_min = -30
homing_speed = 50

[stepper_y]
step_pin = PC6
dir_pin = PC7
enable_pin = !PD6
microsteps = 16
rotation_distance = 32
endstop_pin = ^!PC3
position_endstop = -8
position_min = -8
position_max = 220
homing_speed = 50

[stepper_z]
step_pin = PB3
dir_pin = !PB2
enable_pin = !PA5
microsteps = 16
rotation_distance = 8
endstop_pin = ^!PC4
position_endstop = 0.5
position_max = 240
homing_speed = 20

[extruder]
step_pin = PB1
dir_pin = PB0
enable_pin = !PD6
microsteps = 16
rotation_distance = 33.600
nozzle_diameter = 0.400
filament_diameter = 1.750
heater_pin = PD5
sensor_type = ATC Semitec 104GT-2
sensor_pin = PA7
control = pid
pid_kp = 2.151492
pid_ki = 0.633897
pid_kd = 230.042965
min_temp = 0
max_temp = 250

[heater_bed]
heater_pin = PD4
sensor_type = ATC Semitec 104GT-2
sensor_pin = PA6
control = watermark
min_temp = 0
max_temp = 130

[fan]
pin = PB4

[printer]
kinematics = cartesian
max_velocity = 300
max_accel = 1000
max_z_velocity = 20
max_z_accel = 100

[display]
lcd_type = hd44780
rs_pin = PA3
e_pin = PA2
d4_pin = PD2
d5_pin = PD3
d6_pin = PC0
d7_pin = PC1
up_pin = PA1
analog_range_up_pin = 9000, 13000
down_pin = PA1
analog_range_down_pin = 800, 1300
click_pin = PA1
analog_range_click_pin = 2000, 2500
back_pin = PA1
analog_range_back_pin = 4500, 5000
=======================
Extruder max_extrude_ratio=0.266081
mcu 'mcu': Starting serial connect
mcu 'mcu': Unable to open serial port: [Errno 11] Could not exclusively lock port /dev/ttyUSB0: [Errno 11] Resource temporarily unavailable
webhooks client 4121500816: New connection
webhooks client 4121500816: Client info {'program': 'Moonraker', 'version': 'v0.10.0-9-g3fbe6ee'}
mcu 'mcu': Unable to open serial port: [Errno 11] Could not exclusively lock port /dev/ttyUSB0: [Errno 11] Resource temporarily unavailable
mcu 'mcu': Unable to open serial port: [Errno 11] Could not exclusively lock port /dev/ttyUSB0: [Errno 11] Resource temporarily unavailable
mcu 'mcu': Unable to open serial port: [Errno 11] Could not exclusively lock port /dev/ttyUSB0: [Errno 11] Resource temporarily unavailable
mcu 'mcu': Unable to open serial port: [Errno 11] Could not exclusively lock port /dev/ttyUSB0: [Errno 11] Resource temporarily unavailable
webhooks client 4121500816: Disconnected
Restarting printer
Start printer at Fri Feb 27 14:54:08 2026 (1772200448.5 818.6)
===== Config file =====
[display_status]

[virtual_sdcard]
path = /home/pi/printer_ANET1_data/gcodes
on_error_gcode = CANCEL_PRINT

[pause_resume]

[respond]

[gcode_macro CANCEL_PRINT]
description = Cancel the actual running print
rename_existing = CANCEL_PRINT_BASE
gcode = 
	
	
	{% if printer.pause_resume.is_paused|lower == 'false' and park|lower == 'true'%}
	_TOOLHEAD_PARK_PAUSE_CANCEL
	{% endif %}
	
	
	
	TURN_OFF_HEATERS
	CANCEL_PRINT_BASE
variable_park = True

[gcode_macro PAUSE]
description = Pause the actual running print
rename_existing = PAUSE_BASE
gcode = 
	PAUSE_BASE
	_TOOLHEAD_PARK_PAUSE_CANCEL

[gcode_macro RESUME]
description = Resume the actual running print
rename_existing = RESUME_BASE
variable_last_extruder_temp = {'restore': False, 'temp': 0}
variable_restore_idle_timeout = 0
variable_idle_state = False
gcode = 
	
	
	{% set extrude = printer['gcode_macro _TOOLHEAD_PARK_PAUSE_CANCEL'].extrude %}
	
	{% if 'VELOCITY' in params|upper %}
	{% set get_params = ('VELOCITY=' + params.VELOCITY)  %}
	{%else %}
	{% set get_params = "" %}
	{% endif %}
	
	{% if printer.extruder.can_extrude|lower == 'true' %}
	M83
	G1 E{extrude} F2100
	{% if printer.gcode_move.absolute_extrude |lower == 'true' %} M82 {% endif %}
	{% else %}
	{action_respond_info("Extruder not hot enough")}
	{% endif %}
	RESUME_BASE {get_params}

[gcode_macro SET_PAUSE_NEXT_LAYER]
description = Enable a pause if the next layer is reached
gcode = 
	{% set pause_next_layer = printer['gcode_macro SET_PRINT_STATS_INFO'].pause_next_layer %}
	{% set ENABLE = params.ENABLE|default(1)|int != 0 %}
	{% set MACRO = params.MACRO|default(pause_next_layer.call, True) %}
	SET_GCODE_VARIABLE MACRO=SET_PRINT_STATS_INFO VARIABLE=pause_next_layer VALUE="{{ 'enable': ENABLE, 'call': MACRO }}"

[gcode_macro SET_PAUSE_AT_LAYER]
description = Enable/disable a pause if a given layer number is reached
gcode = 
	{% set pause_at_layer = printer['gcode_macro SET_PRINT_STATS_INFO'].pause_at_layer %}
	{% set ENABLE = params.ENABLE|int != 0 if params.ENABLE is defined
	else params.LAYER is defined %}
	{% set LAYER = params.LAYER|default(pause_at_layer.layer)|int %}
	{% set MACRO = params.MACRO|default(pause_at_layer.call, True) %}
	SET_GCODE_VARIABLE MACRO=SET_PRINT_STATS_INFO VARIABLE=pause_at_layer VALUE="{{ 'enable': ENABLE, 'layer': LAYER, 'call': MACRO }}"

[gcode_macro SET_PRINT_STATS_INFO]
rename_existing = SET_PRINT_STATS_INFO_BASE
description = Overwrite, to get pause_next_layer and pause_at_layer feature
variable_pause_next_layer = { 'enable': False, 'call': "PAUSE" }
variable_pause_at_layer = { 'enable': False, 'layer': 0, 'call': "PAUSE" }
gcode = 
	{% if pause_next_layer.enable %}
	RESPOND TYPE=echo MSG='{"%s, forced by pause_next_layer" % pause_next_layer.call}'
	{pause_next_layer.call}
	SET_PAUSE_NEXT_LAYER ENABLE=0
	{% elif pause_at_layer.enable and params.CURRENT_LAYER is defined and params.CURRENT_LAYER|int == pause_at_layer.layer %}
	RESPOND TYPE=echo MSG='{"%s, forced by pause_at_layer [%d]" % (pause_at_layer.call, pause_at_layer.layer)}'
	{pause_at_layer.call}
	SET_PAUSE_AT_LAYER ENABLE=0
	{% endif %}
	SET_PRINT_STATS_INFO_BASE {rawparams}

[gcode_macro _TOOLHEAD_PARK_PAUSE_CANCEL]
description = Helper: park toolhead used in PAUSE and CANCEL_PRINT
gcode = 
	
	{% set client = printer['gcode_macro _CLIENT_VARIABLE']|default({}) %}
	{% set velocity = printer.configfile.settings.pause_resume.recover_velocity %}
	{% set use_custom     = client.use_custom_pos|default(false)|lower == 'true' %}
	{% set custom_park_x  = client.custom_park_x|default(0.0) %}
	{% set custom_park_y  = client.custom_park_y|default(0.0) %}
	{% set park_dz        = client.custom_park_dz|default(2.0)|abs %}
	{% set sp_hop         = client.speed_hop|default(15) * 60 %}
	{% set sp_move        = client.speed_move|default(velocity) * 60 %}
	
	{% set origin    = printer.gcode_move.homing_origin %}
	{% set act       = printer.gcode_move.gcode_position %}
	{% set max       = printer.toolhead.axis_maximum %}
	{% set cone      = printer.toolhead.cone_start_z|default(max.z) %}
	{% set round_bed = True if printer.configfile.settings.printer.kinematics is in ['delta','polar','rotary_delta','winch']
	else False %}
	
	{% set z_min = params.Z_MIN|default(0)|float %}
	{% set z_park = [[(act.z + park_dz), z_min]|max, (max.z - origin.z)]|min %}
	{% set x_park = params.X       if params.X is defined
	else custom_park_x  if use_custom
	else 0.0            if round_bed
	else (max.x - 5.0) %}
	{% set y_park = params.Y       if params.Y is defined
	else custom_park_y  if use_custom
	else (max.y - 5.0)  if round_bed and z_park < cone
	else 0.0            if round_bed
	else (max.y - 5.0) %}
	
	_CLIENT_RETRACT
	{% if "xyz" in printer.toolhead.homed_axes %}
	G90
	G1 Z{z_park} F{sp_hop}
	G1 X{x_park} Y{y_park} F{sp_move}
	{% if not printer.gcode_move.absolute_coordinates %} G91 {% endif %}
	{% else %}
	RESPOND TYPE=echo MSG='Printer not homed'
	{% endif %}

[gcode_macro _CLIENT_EXTRUDE]
description = Extrudes, if the extruder is hot enough
gcode = 
	
	{% set client = printer['gcode_macro _CLIENT_VARIABLE']|default({}) %}
	{% set use_fw_retract = (client.use_fw_retract|default(false)|lower == 'true') and (printer.firmware_retraction is defined) %}
	{% set length = params.LENGTH|default(client.unretract)|default(1.0)|float %}
	{% set speed = params.SPEED|default(client.speed_unretract)|default(35) %}
	{% set absolute_extrude = printer.gcode_move.absolute_extrude %}
	
	{% if printer.toolhead.extruder != '' %}
	{% if printer[printer.toolhead.extruder].can_extrude %}
	{% if use_fw_retract %}
	{% if length < 0 %}
	G10
	{% else %}
	G11
	{% endif %}
	{% else %}
	M83
	G1 E{length} F{(speed|float|abs) * 60}
	{% if absolute_extrude %}
	M82
	{% endif %}
	{% endif %}
	{% else %}
	RESPOND TYPE=echo MSG='{"\"%s\" not hot enough" % printer.toolhead.extruder}'
	{% endif %}
	{% endif %}

[gcode_macro _CLIENT_RETRACT]
description = Retracts, if the extruder is hot enough
gcode = 
	{% set client = printer['gcode_macro _CLIENT_VARIABLE']|default({}) %}
	{% set length = params.LENGTH|default(client.retract)|default(1.0)|float %}
	{% set speed = params.SPEED|default(client.speed_retract)|default(35) %}
	
	_CLIENT_EXTRUDE LENGTH=-{length|float|abs} SPEED={speed|float|abs}

[gcode_macro _CLIENT_LINEAR_MOVE]
description = Linear move with save and restore of the gcode state
gcode = 
	{% set x_move = "X" ~ params.X if params.X is defined else "" %}
	{% set y_move = "Y" ~ params.Y if params.Y is defined else "" %}
	{% set z_move = "Z" ~ params.Z if params.Z is defined else "" %}
	{% set e_move = "E" ~ params.E if params.E is defined else "" %}
	{% set rate = "F" ~ params.F if params.F is defined else "" %}
	{% set ABSOLUTE = params.ABSOLUTE | default(0) | int != 0 %}
	{% set ABSOLUTE_E = params.ABSOLUTE_E | default(0) | int != 0 %}
	SAVE_GCODE_STATE NAME=_client_movement
	{% if x_move or y_move or z_move %}
	G9{ 0 if ABSOLUTE else 1 }
	{% endif %}
	{% if e_move %}
	M8{ 2 if ABSOLUTE_E else 3 }
	{% endif %}
	G1 { x_move } { y_move } { z_move } { e_move } { rate }
	RESTORE_GCODE_STATE NAME=_client_movement

[mcu]
serial = /dev/ttyUSB0

[exclude_object]

[stepper_x]
step_pin = PD7
dir_pin = PC5
enable_pin = !PD6
microsteps = 16
rotation_distance = 32
endstop_pin = ^!PC2
position_endstop = -30
position_max = 220
position_min = -30
homing_speed = 50

[stepper_y]
step_pin = PC6
dir_pin = PC7
enable_pin = !PD6
microsteps = 16
rotation_distance = 32
endstop_pin = ^!PC3
position_endstop = -8
position_min = -8
position_max = 220
homing_speed = 50

[stepper_z]
step_pin = PB3
dir_pin = !PB2
enable_pin = !PA5
microsteps = 16
rotation_distance = 8
endstop_pin = ^!PC4
position_endstop = 0.5
position_max = 240
homing_speed = 20

[extruder]
step_pin = PB1
dir_pin = PB0
enable_pin = !PD6
microsteps = 16
rotation_distance = 33.600
nozzle_diameter = 0.400
filament_diameter = 1.750
heater_pin = PD5
sensor_type = ATC Semitec 104GT-2
sensor_pin = PA7
control = pid
pid_kp = 2.151492
pid_ki = 0.633897
pid_kd = 230.042965
min_temp = 0
max_temp = 250

[heater_bed]
heater_pin = PD4
sensor_type = ATC Semitec 104GT-2
sensor_pin = PA6
control = watermark
min_temp = 0
max_temp = 130

[fan]
pin = PB4

[printer]
kinematics = cartesian
max_velocity = 300
max_accel = 1000
max_z_velocity = 20
max_z_accel = 100

[display]
lcd_type = hd44780
rs_pin = PA3
e_pin = PA2
d4_pin = PD2
d5_pin = PD3
d6_pin = PC0
d7_pin = PC1
up_pin = PA1
analog_range_up_pin = 9000, 13000
down_pin = PA1
analog_range_down_pin = 800, 1300
click_pin = PA1
analog_range_click_pin = 2000, 2500
back_pin = PA1
analog_range_back_pin = 4500, 5000
=======================
Extruder max_extrude_ratio=0.266081
mcu 'mcu': Starting serial connect
mcu 'mcu': Unable to open serial port: [Errno 11] Could not exclusively lock port /dev/ttyUSB0: [Errno 11] Resource temporarily unavailable
webhooks client 4070210256: New connection
webhooks client 4070210256: Client info {'program': 'Moonraker', 'version': 'v0.10.0-9-g3fbe6ee'}
mcu 'mcu': Unable to open serial port: [Errno 11] Could not exclusively lock port /dev/ttyUSB0: [Errno 11] Resource temporarily unavailable
mcu 'mcu': Unable to open serial port: [Errno 11] Could not exclusively lock port /dev/ttyUSB0: [Errno 11] Resource temporarily unavailable
mcu 'mcu': Unable to open serial port: [Errno 11] Could not exclusively lock port /dev/ttyUSB0: [Errno 11] Resource temporarily unavailable
mcu 'mcu': Unable to open serial port: [Errno 11] Could not exclusively lock port /dev/ttyUSB0: [Errno 11] Resource temporarily unavailable
mcu 'mcu': Unable to open serial port: [Errno 11] Could not exclusively lock port /dev/ttyUSB0: [Errno 11] Resource temporarily unavailable
mcu 'mcu': Unable to open serial port: [Errno 11] Could not exclusively lock port /dev/ttyUSB0: [Errno 11] Resource temporarily unavailable
mcu 'mcu': Unable to open serial port: [Errno 11] Could not exclusively lock port /dev/ttyUSB0: [Errno 11] Resource temporarily unavailable
mcu 'mcu': Unable to open serial port: [Errno 11] Could not exclusively lock port /dev/ttyUSB0: [Errno 11] Resource temporarily unavailable
mcu 'mcu': Unable to open serial port: [Errno 11] Could not exclusively lock port /dev/ttyUSB0: [Errno 11] Resource temporarily unavailable
mcu 'mcu': Unable to open serial port: [Errno 11] Could not exclusively lock port /dev/ttyUSB0: [Errno 11] Resource temporarily unavailable
mcu 'mcu': Unable to open serial port: [Errno 11] Could not exclusively lock port /dev/ttyUSB0: [Errno 11] Resource temporarily unavailable
mcu 'mcu': Unable to open serial port: [Errno 11] Could not exclusively lock port /dev/ttyUSB0: [Errno 11] Resource temporarily unavailable
mcu 'mcu': Unable to open serial port: [Errno 11] Could not exclusively lock port /dev/ttyUSB0: [Errno 11] Resource temporarily unavailable
mcu 'mcu': Unable to open serial port: [Errno 11] Could not exclusively lock port /dev/ttyUSB0: [Errno 11] Resource temporarily unavailable
mcu 'mcu': Unable to open serial port: [Errno 11] Could not exclusively lock port /dev/ttyUSB0: [Errno 11] Resource temporarily unavailable
mcu 'mcu': Unable to open serial port: [Errno 11] Could not exclusively lock port /dev/ttyUSB0: [Errno 11] Resource temporarily unavailable
mcu 'mcu': Unable to open serial port: [Errno 11] Could not exclusively lock port /dev/ttyUSB0: [Errno 11] Resource temporarily unavailable
MCU error during connect
Traceback (most recent call last):
  File "/home/pi/klipper/klippy/mcu.py", line 841, in _attach
    self._serial.connect_uart(self._serialport, self._baud, rts)
    ~~~~~~~~~~~~~~~~~~~~~~~~~^^^^^^^^^^^^^^^^^^^^^^^^^^^^^^^^^^^
  File "/home/pi/klipper/klippy/serialhdl.py", line 191, in connect_uart
    self._error("Unable to connect")
    ~~~~~~~~~~~^^^^^^^^^^^^^^^^^^^^^
  File "/home/pi/klipper/klippy/serialhdl.py", line 68, in _error
    raise error(self.warn_prefix + (msg % params))
serialhdl.error: mcu 'mcu': Unable to connect

During handling of the above exception, another exception occurred:

Traceback (most recent call last):
  File "/home/pi/klipper/klippy/klippy.py", line 131, in _connect
    self.send_event("klippy:mcu_identify")
    ~~~~~~~~~~~~~~~^^^^^^^^^^^^^^^^^^^^^^^
  File "/home/pi/klipper/klippy/klippy.py", line 227, in send_event
    return [cb(*params) for cb in self.event_handlers.get(event, [])]
            ~~^^^^^^^^^
  File "/home/pi/klipper/klippy/mcu.py", line 851, in _mcu_identify
    self._attach()
    ~~~~~~~~~~~~^^
  File "/home/pi/klipper/klippy/mcu.py", line 846, in _attach
    raise error(str(e))
mcu.error: mcu 'mcu': Unable to connect
mcu 'mcu': Unable to connect
Once the underlying issue is corrected, use the
"FIRMWARE_RESTART" command to reset the firmware, reload the
config, and restart the host software.
Error configuring printer

Build file /home/pi/klipper/klippy/../.config(1304): Fri Feb 27 14:38:05 2026
========= Last MCU build config =========
CONFIG_LOW_LEVEL_OPTIONS=y
# CONFIG_MACH_AVR is not set
# CONFIG_MACH_ATSAM is not set
# CONFIG_MACH_ATSAMD is not set
# CONFIG_MACH_LPC176X is not set
# CONFIG_MACH_STM32 is not set
# CONFIG_MACH_HC32F460 is not set
# CONFIG_MACH_RPXXXX is not set
# CONFIG_MACH_PRU is not set
# CONFIG_MACH_AR100 is not set
CONFIG_MACH_LINUX=y
# CONFIG_MACH_SIMU is not set
CONFIG_BOARD_DIRECTORY="linux"
CONFIG_CLOCK_FREQ=50000000
CONFIG_LINUX_SELECT=y
CONFIG_USB_VENDOR_ID=0x1d50
CONFIG_USB_DEVICE_ID=0x614e
CONFIG_USB_SERIAL_NUMBER="12345"
CONFIG_WANT_ADC=y
CONFIG_WANT_SPI=y
CONFIG_WANT_SOFTWARE_SPI=y
CONFIG_WANT_I2C=y
CONFIG_WANT_SOFTWARE_I2C=y
CONFIG_WANT_HARD_PWM=y
CONFIG_WANT_BUTTONS=y
CONFIG_WANT_TMCUART=y
CONFIG_WANT_NEOPIXEL=y
CONFIG_WANT_PULSE_COUNTER=y
CONFIG_WANT_ST7920=y
CONFIG_WANT_HD44780=y
CONFIG_WANT_ADXL345=y
CONFIG_WANT_LIS2DW=y
CONFIG_WANT_BMI160=y
CONFIG_WANT_MPU9250=y
CONFIG_WANT_ICM20948=y
CONFIG_WANT_THERMOCOUPLE=y
CONFIG_WANT_HX71X=y
CONFIG_WANT_ADS1220=y
CONFIG_WANT_LDC1612=y
CONFIG_WANT_SENSOR_ANGLE=y
CONFIG_NEED_SENSOR_BULK=y
CONFIG_WANT_TRIGGER_ANALOG=y
CONFIG_NEED_SOS_FILTER=y
CONFIG_CANBUS_FREQUENCY=1000000
CONFIG_INLINE_STEPPER_HACK=y
CONFIG_INITIAL_PINS=""
CONFIG_HAVE_GPIO=y
CONFIG_HAVE_GPIO_ADC=y
CONFIG_HAVE_GPIO_SPI=y
CONFIG_HAVE_GPIO_I2C=y
CONFIG_HAVE_GPIO_HARD_PWM=y
=======================
Build file /home/pi/klipper/klippy/../out/klipper.dict(11644): Fri Feb 27 14:39:28 2026
Last MCU build version: v0.13.0-557-g54c7b65d
Last MCU build tools: gcc: (Raspbian 14.2.0-19+rpi1) 14.2.0 binutils: (GNU Binutils for Raspbian) 2.44
Last MCU build config: ADC_MAX=4095 CLOCK_FREQ=50000000 MCU=linux PCA9685_MAX=4096 PWM_MAX=32768 STATS_SUMSQ_BASE=256 STEPPER_STEP_BOTH_EDGE=1
Build file /home/pi/klipper/klippy/../out/klipper.elf(757644): Fri Feb 27 14:39:30 2026
Attempting MCU 'mcu' reset
Unhandled exception during post run
Traceback (most recent call last):
  File "/home/pi/klippy-env/lib/python3.13/site-packages/serial/serialposix.py", line 310, in _reconfigure_port
    fcntl.flock(self.fd, fcntl.LOCK_EX | fcntl.LOCK_NB)
    ~~~~~~~~~~~^^^^^^^^^^^^^^^^^^^^^^^^^^^^^^^^^^^^^^^^
BlockingIOError: [Errno 11] Resource temporarily unavailable

During handling of the above exception, another exception occurred:

Traceback (most recent call last):
  File "/home/pi/klipper/klippy/klippy.py", line 194, in run
    self.send_event("klippy:firmware_restart")
    ~~~~~~~~~~~~~~~^^^^^^^^^^^^^^^^^^^^^^^^^^^
  File "/home/pi/klipper/klippy/klippy.py", line 227, in send_event
    return [cb(*params) for cb in self.event_handlers.get(event, [])]
            ~~^^^^^^^^^
  File "/home/pi/klipper/klippy/mcu.py", line 739, in _firmware_restart
    self._restart_arduino()
    ~~~~~~~~~~~~~~~~~~~~~^^
  File "/home/pi/klipper/klippy/mcu.py", line 699, in _restart_arduino
    serialhdl.arduino_reset(serialport, self._reactor)
    ~~~~~~~~~~~~~~~~~~~~~~~^^^^^^^^^^^^^^^^^^^^^^^^^^^
  File "/home/pi/klipper/klippy/serialhdl.py", line 392, in arduino_reset
    ser = serial.Serial(serialport, 2400, timeout=0, exclusive=True)
  File "/home/pi/klippy-env/lib/python3.13/site-packages/serial/serialutil.py", line 240, in __init__
    self.open()
    ~~~~~~~~~^^
  File "/home/pi/klippy-env/lib/python3.13/site-packages/serial/serialposix.py", line 272, in open
    self._reconfigure_port(force_update=True)
    ~~~~~~~~~~~~~~~~~~~~~~^^^^^^^^^^^^^^^^^^^
  File "/home/pi/klippy-env/lib/python3.13/site-packages/serial/serialposix.py", line 312, in _reconfigure_port
    raise SerialException(msg.errno, "Could not exclusively lock port {}: {}".format(self._port, msg))
serial.serialutil.SerialException: [Errno 11] Could not exclusively lock port /dev/ttyUSB0: [Errno 11] Resource temporarily unavailable
Restarting printer
Start printer at Fri Feb 27 14:58:59 2026 (1772200739.3 1109.4)
===== Config file =====
[display_status]

[virtual_sdcard]
path = /home/pi/printer_ANET1_data/gcodes
on_error_gcode = CANCEL_PRINT

[pause_resume]

[respond]

[gcode_macro CANCEL_PRINT]
description = Cancel the actual running print
rename_existing = CANCEL_PRINT_BASE
gcode = 
	
	
	{% if printer.pause_resume.is_paused|lower == 'false' and park|lower == 'true'%}
	_TOOLHEAD_PARK_PAUSE_CANCEL
	{% endif %}
	
	
	
	TURN_OFF_HEATERS
	CANCEL_PRINT_BASE
variable_park = True

[gcode_macro PAUSE]
description = Pause the actual running print
rename_existing = PAUSE_BASE
gcode = 
	PAUSE_BASE
	_TOOLHEAD_PARK_PAUSE_CANCEL

[gcode_macro RESUME]
description = Resume the actual running print
rename_existing = RESUME_BASE
variable_last_extruder_temp = {'restore': False, 'temp': 0}
variable_restore_idle_timeout = 0
variable_idle_state = False
gcode = 
	
	
	{% set extrude = printer['gcode_macro _TOOLHEAD_PARK_PAUSE_CANCEL'].extrude %}
	
	{% if 'VELOCITY' in params|upper %}
	{% set get_params = ('VELOCITY=' + params.VELOCITY)  %}
	{%else %}
	{% set get_params = "" %}
	{% endif %}
	
	{% if printer.extruder.can_extrude|lower == 'true' %}
	M83
	G1 E{extrude} F2100
	{% if printer.gcode_move.absolute_extrude |lower == 'true' %} M82 {% endif %}
	{% else %}
	{action_respond_info("Extruder not hot enough")}
	{% endif %}
	RESUME_BASE {get_params}

[gcode_macro SET_PAUSE_NEXT_LAYER]
description = Enable a pause if the next layer is reached
gcode = 
	{% set pause_next_layer = printer['gcode_macro SET_PRINT_STATS_INFO'].pause_next_layer %}
	{% set ENABLE = params.ENABLE|default(1)|int != 0 %}
	{% set MACRO = params.MACRO|default(pause_next_layer.call, True) %}
	SET_GCODE_VARIABLE MACRO=SET_PRINT_STATS_INFO VARIABLE=pause_next_layer VALUE="{{ 'enable': ENABLE, 'call': MACRO }}"

[gcode_macro SET_PAUSE_AT_LAYER]
description = Enable/disable a pause if a given layer number is reached
gcode = 
	{% set pause_at_layer = printer['gcode_macro SET_PRINT_STATS_INFO'].pause_at_layer %}
	{% set ENABLE = params.ENABLE|int != 0 if params.ENABLE is defined
	else params.LAYER is defined %}
	{% set LAYER = params.LAYER|default(pause_at_layer.layer)|int %}
	{% set MACRO = params.MACRO|default(pause_at_layer.call, True) %}
	SET_GCODE_VARIABLE MACRO=SET_PRINT_STATS_INFO VARIABLE=pause_at_layer VALUE="{{ 'enable': ENABLE, 'layer': LAYER, 'call': MACRO }}"

[gcode_macro SET_PRINT_STATS_INFO]
rename_existing = SET_PRINT_STATS_INFO_BASE
description = Overwrite, to get pause_next_layer and pause_at_layer feature
variable_pause_next_layer = { 'enable': False, 'call': "PAUSE" }
variable_pause_at_layer = { 'enable': False, 'layer': 0, 'call': "PAUSE" }
gcode = 
	{% if pause_next_layer.enable %}
	RESPOND TYPE=echo MSG='{"%s, forced by pause_next_layer" % pause_next_layer.call}'
	{pause_next_layer.call}
	SET_PAUSE_NEXT_LAYER ENABLE=0
	{% elif pause_at_layer.enable and params.CURRENT_LAYER is defined and params.CURRENT_LAYER|int == pause_at_layer.layer %}
	RESPOND TYPE=echo MSG='{"%s, forced by pause_at_layer [%d]" % (pause_at_layer.call, pause_at_layer.layer)}'
	{pause_at_layer.call}
	SET_PAUSE_AT_LAYER ENABLE=0
	{% endif %}
	SET_PRINT_STATS_INFO_BASE {rawparams}

[gcode_macro _TOOLHEAD_PARK_PAUSE_CANCEL]
description = Helper: park toolhead used in PAUSE and CANCEL_PRINT
gcode = 
	
	{% set client = printer['gcode_macro _CLIENT_VARIABLE']|default({}) %}
	{% set velocity = printer.configfile.settings.pause_resume.recover_velocity %}
	{% set use_custom     = client.use_custom_pos|default(false)|lower == 'true' %}
	{% set custom_park_x  = client.custom_park_x|default(0.0) %}
	{% set custom_park_y  = client.custom_park_y|default(0.0) %}
	{% set park_dz        = client.custom_park_dz|default(2.0)|abs %}
	{% set sp_hop         = client.speed_hop|default(15) * 60 %}
	{% set sp_move        = client.speed_move|default(velocity) * 60 %}
	
	{% set origin    = printer.gcode_move.homing_origin %}
	{% set act       = printer.gcode_move.gcode_position %}
	{% set max       = printer.toolhead.axis_maximum %}
	{% set cone      = printer.toolhead.cone_start_z|default(max.z) %}
	{% set round_bed = True if printer.configfile.settings.printer.kinematics is in ['delta','polar','rotary_delta','winch']
	else False %}
	
	{% set z_min = params.Z_MIN|default(0)|float %}
	{% set z_park = [[(act.z + park_dz), z_min]|max, (max.z - origin.z)]|min %}
	{% set x_park = params.X       if params.X is defined
	else custom_park_x  if use_custom
	else 0.0            if round_bed
	else (max.x - 5.0) %}
	{% set y_park = params.Y       if params.Y is defined
	else custom_park_y  if use_custom
	else (max.y - 5.0)  if round_bed and z_park < cone
	else 0.0            if round_bed
	else (max.y - 5.0) %}
	
	_CLIENT_RETRACT
	{% if "xyz" in printer.toolhead.homed_axes %}
	G90
	G1 Z{z_park} F{sp_hop}
	G1 X{x_park} Y{y_park} F{sp_move}
	{% if not printer.gcode_move.absolute_coordinates %} G91 {% endif %}
	{% else %}
	RESPOND TYPE=echo MSG='Printer not homed'
	{% endif %}

[gcode_macro _CLIENT_EXTRUDE]
description = Extrudes, if the extruder is hot enough
gcode = 
	
	{% set client = printer['gcode_macro _CLIENT_VARIABLE']|default({}) %}
	{% set use_fw_retract = (client.use_fw_retract|default(false)|lower == 'true') and (printer.firmware_retraction is defined) %}
	{% set length = params.LENGTH|default(client.unretract)|default(1.0)|float %}
	{% set speed = params.SPEED|default(client.speed_unretract)|default(35) %}
	{% set absolute_extrude = printer.gcode_move.absolute_extrude %}
	
	{% if printer.toolhead.extruder != '' %}
	{% if printer[printer.toolhead.extruder].can_extrude %}
	{% if use_fw_retract %}
	{% if length < 0 %}
	G10
	{% else %}
	G11
	{% endif %}
	{% else %}
	M83
	G1 E{length} F{(speed|float|abs) * 60}
	{% if absolute_extrude %}
	M82
	{% endif %}
	{% endif %}
	{% else %}
	RESPOND TYPE=echo MSG='{"\"%s\" not hot enough" % printer.toolhead.extruder}'
	{% endif %}
	{% endif %}

[gcode_macro _CLIENT_RETRACT]
description = Retracts, if the extruder is hot enough
gcode = 
	{% set client = printer['gcode_macro _CLIENT_VARIABLE']|default({}) %}
	{% set length = params.LENGTH|default(client.retract)|default(1.0)|float %}
	{% set speed = params.SPEED|default(client.speed_retract)|default(35) %}
	
	_CLIENT_EXTRUDE LENGTH=-{length|float|abs} SPEED={speed|float|abs}

[gcode_macro _CLIENT_LINEAR_MOVE]
description = Linear move with save and restore of the gcode state
gcode = 
	{% set x_move = "X" ~ params.X if params.X is defined else "" %}
	{% set y_move = "Y" ~ params.Y if params.Y is defined else "" %}
	{% set z_move = "Z" ~ params.Z if params.Z is defined else "" %}
	{% set e_move = "E" ~ params.E if params.E is defined else "" %}
	{% set rate = "F" ~ params.F if params.F is defined else "" %}
	{% set ABSOLUTE = params.ABSOLUTE | default(0) | int != 0 %}
	{% set ABSOLUTE_E = params.ABSOLUTE_E | default(0) | int != 0 %}
	SAVE_GCODE_STATE NAME=_client_movement
	{% if x_move or y_move or z_move %}
	G9{ 0 if ABSOLUTE else 1 }
	{% endif %}
	{% if e_move %}
	M8{ 2 if ABSOLUTE_E else 3 }
	{% endif %}
	G1 { x_move } { y_move } { z_move } { e_move } { rate }
	RESTORE_GCODE_STATE NAME=_client_movement

[mcu]
serial = /dev/serial/by-path/platform-xhci-hcd.1-usb-0:2.4.3:1.0-port0

[exclude_object]

[stepper_x]
step_pin = PD7
dir_pin = PC5
enable_pin = !PD6
microsteps = 16
rotation_distance = 32
endstop_pin = ^!PC2
position_endstop = -30
position_max = 220
position_min = -30
homing_speed = 50

[stepper_y]
step_pin = PC6
dir_pin = PC7
enable_pin = !PD6
microsteps = 16
rotation_distance = 32
endstop_pin = ^!PC3
position_endstop = -8
position_min = -8
position_max = 220
homing_speed = 50

[stepper_z]
step_pin = PB3
dir_pin = !PB2
enable_pin = !PA5
microsteps = 16
rotation_distance = 8
endstop_pin = ^!PC4
position_endstop = 0.5
position_max = 240
homing_speed = 20

[extruder]
step_pin = PB1
dir_pin = PB0
enable_pin = !PD6
microsteps = 16
rotation_distance = 33.600
nozzle_diameter = 0.400
filament_diameter = 1.750
heater_pin = PD5
sensor_type = ATC Semitec 104GT-2
sensor_pin = PA7
control = pid
pid_kp = 2.151492
pid_ki = 0.633897
pid_kd = 230.042965
min_temp = 0
max_temp = 250

[heater_bed]
heater_pin = PD4
sensor_type = ATC Semitec 104GT-2
sensor_pin = PA6
control = watermark
min_temp = 0
max_temp = 130

[fan]
pin = PB4

[printer]
kinematics = cartesian
max_velocity = 300
max_accel = 1000
max_z_velocity = 20
max_z_accel = 100

[display]
lcd_type = hd44780
rs_pin = PA3
e_pin = PA2
d4_pin = PD2
d5_pin = PD3
d6_pin = PC0
d7_pin = PC1
up_pin = PA1
analog_range_up_pin = 9000, 13000
down_pin = PA1
analog_range_down_pin = 800, 1300
click_pin = PA1
analog_range_click_pin = 2000, 2500
back_pin = PA1
analog_range_back_pin = 4500, 5000
=======================
Extruder max_extrude_ratio=0.266081
mcu 'mcu': Starting serial connect
webhooks client 4070205488: New connection
webhooks client 4070205488: Client info {'program': 'Moonraker', 'version': 'v0.10.0-9-g3fbe6ee'}
Loaded MCU 'mcu' 121 commands (v0.13.0-119-g17b8ce4c6 / gcc: (GCC) 5.4.0 binutils: (GNU Binutils) 2.26.20160125)
MCU 'mcu' config: ADC_MAX=1023 BUS_PINS_spi=PB6,PB5,PB7 BUS_PINS_twi=PC0,PC1 CLOCK_FREQ=16000000 MCU=atmega1284p PWM_MAX=255 RECEIVE_WINDOW=192 RESERVE_PINS_serial=PD0,PD1 SERIAL_BAUD=250000 STATS_SUMSQ_BASE=256 STEPPER_OPTIMIZED_UNSTEP=40 STEPPER_STEP_BOTH_EDGE=1
Sending MCU 'mcu' printer configuration...
Protocol error
Traceback (most recent call last):
  File "/home/pi/klipper/klippy/msgproto.py", line 335, in create_command
    t = mp.name_to_type[name]
        ~~~~~~~~~~~~~~~^^^^^^
KeyError: 'bytes_per_report'

During handling of the above exception, another exception occurred:

Traceback (most recent call last):
  File "/home/pi/klipper/klippy/klippy.py", line 135, in _connect
    cb()
    ~~^^
  File "/home/pi/klipper/klippy/mcu.py", line 1037, in _connect
    self._send_config(None)
    ~~~~~~~~~~~~~~~~~^^^^^^
  File "/home/pi/klipper/klippy/mcu.py", line 1008, in _send_config
    self._serial.send(c)
    ~~~~~~~~~~~~~~~~~^^^
  File "/home/pi/klipper/klippy/serialhdl.py", line 266, in send
    cmd = self.msgparser.create_command(msg)
  File "/home/pi/klipper/klippy/msgproto.py", line 347, in create_command
    self._error("Unable to extract params from: %s", msgname)
    ~~~~~~~~~~~^^^^^^^^^^^^^^^^^^^^^^^^^^^^^^^^^^^^^^^^^^^^^^
  File "/home/pi/klipper/klippy/msgproto.py", line 242, in _error
    raise error(self.warn_prefix + (msg % params))
msgproto.error: mcu 'mcu': Unable to extract params from: query_analog_in
MCU Protocol error

This is frequently caused by running an older version of the
firmware on the MCU(s). Fix by recompiling and flashing the
firmware.

Your Klipper version is: v0.13.0-557-g54c7b65d
MCU(s) which should be updated:
mcu: Current version v0.13.0-119-g17b8ce4c6
Up-to-date MCU(s):
<none>

Once the underlying issue is corrected, use the "RESTART"
command to reload the config and restart the host software.

mcu 'mcu': Unable to extract params from: query_analog_in
Build file /home/pi/klipper/klippy/../.config(1304): Fri Feb 27 14:38:05 2026
========= Last MCU build config =========
CONFIG_LOW_LEVEL_OPTIONS=y
# CONFIG_MACH_AVR is not set
# CONFIG_MACH_ATSAM is not set
# CONFIG_MACH_ATSAMD is not set
# CONFIG_MACH_LPC176X is not set
# CONFIG_MACH_STM32 is not set
# CONFIG_MACH_HC32F460 is not set
# CONFIG_MACH_RPXXXX is not set
# CONFIG_MACH_PRU is not set
# CONFIG_MACH_AR100 is not set
CONFIG_MACH_LINUX=y
# CONFIG_MACH_SIMU is not set
CONFIG_BOARD_DIRECTORY="linux"
CONFIG_CLOCK_FREQ=50000000
CONFIG_LINUX_SELECT=y
CONFIG_USB_VENDOR_ID=0x1d50
CONFIG_USB_DEVICE_ID=0x614e
CONFIG_USB_SERIAL_NUMBER="12345"
CONFIG_WANT_ADC=y
CONFIG_WANT_SPI=y
CONFIG_WANT_SOFTWARE_SPI=y
CONFIG_WANT_I2C=y
CONFIG_WANT_SOFTWARE_I2C=y
CONFIG_WANT_HARD_PWM=y
CONFIG_WANT_BUTTONS=y
CONFIG_WANT_TMCUART=y
CONFIG_WANT_NEOPIXEL=y
CONFIG_WANT_PULSE_COUNTER=y
CONFIG_WANT_ST7920=y
CONFIG_WANT_HD44780=y
CONFIG_WANT_ADXL345=y
CONFIG_WANT_LIS2DW=y
CONFIG_WANT_BMI160=y
CONFIG_WANT_MPU9250=y
CONFIG_WANT_ICM20948=y
CONFIG_WANT_THERMOCOUPLE=y
CONFIG_WANT_HX71X=y
CONFIG_WANT_ADS1220=y
CONFIG_WANT_LDC1612=y
CONFIG_WANT_SENSOR_ANGLE=y
CONFIG_NEED_SENSOR_BULK=y
CONFIG_WANT_TRIGGER_ANALOG=y
CONFIG_NEED_SOS_FILTER=y
CONFIG_CANBUS_FREQUENCY=1000000
CONFIG_INLINE_STEPPER_HACK=y
CONFIG_INITIAL_PINS=""
CONFIG_HAVE_GPIO=y
CONFIG_HAVE_GPIO_ADC=y
CONFIG_HAVE_GPIO_SPI=y
CONFIG_HAVE_GPIO_I2C=y
CONFIG_HAVE_GPIO_HARD_PWM=y
=======================
Build file /home/pi/klipper/klippy/../out/klipper.dict(11644): Fri Feb 27 14:39:28 2026
Last MCU build version: v0.13.0-557-g54c7b65d
Last MCU build tools: gcc: (Raspbian 14.2.0-19+rpi1) 14.2.0 binutils: (GNU Binutils for Raspbian) 2.44
Last MCU build config: ADC_MAX=4095 CLOCK_FREQ=50000000 MCU=linux PCA9685_MAX=4096 PWM_MAX=32768 STATS_SUMSQ_BASE=256 STEPPER_STEP_BOTH_EDGE=1
Build file /home/pi/klipper/klippy/../out/klipper.elf(757644): Fri Feb 27 14:39:30 2026
